arg-id,argument,x,y,cluster-level-1-id,cluster-level-2-id
A1_0,AIは未来を切り拓く画期的な技術であると感じる。,1.1850314140319824,1.6790311336517334,1_2,2_34
A2_0,AIの利用は業務効率化に大いに貢献すると思う,2.586972236633301,0.6424536108970642,1_1,2_19
A3_0,倫理的な観点から、AIの利用には慎重さが必要である。,1.2853453159332275,2.678523540496826,1_7,2_1
A4_0,医療分野でのAIの活用により、診断精度が向上している。,4.087001323699951,5.313662052154541,1_5,2_35
A5_0,自動運転技術におけるAIの進化は非常に期待できる。,-1.1661834716796875,2.6458847522735596,1_8,2_33
A6_0,AIは創造性を刺激するツールとして有用である。,3.911987781524658,3.3556108474731445,1_4,2_37
A7_0,データバイアスによる問題が懸念され、改善が必要である。,1.6620633602142334,3.2698371410369873,1_7,2_25
A8_0,AIによる自動化は雇用に影響を与える可能性がある。,1.328371286392212,0.217088982462883,1_2,2_29
A9_0,教育現場でのAI利用は、個別最適化学習を実現する可能性がある。,2.770930290222168,4.065457820892334,1_5,2_16
A10_0,AIの発展は国際競争力を高める鍵になる。,1.3492592573165894,0.9529114365577698,1_2,2_22
A11_0,プライバシーの保護とAI技術の発展のバランスが重要である。,1.153517246246338,2.7947843074798584,1_7,2_1
A12_0,AIは日常生活の多くの面で便利さを提供してくれる。,3.1295735836029053,4.564395904541016,1_5,2_36
A13_0,AIのアルゴリズムは透明性を持つべきである。,2.21120548248291,2.376354217529297,1_7,2_14
A14_0,AIは大量のデータ解析において非常に強力である。,3.2120254039764404,2.2199227809906006,1_1,2_30
A15_0,AIの不正利用に対する対策が急務である,1.8136028051376343,2.683110237121582,1_7,2_12
A16_0,AIは環境問題の解決に貢献する可能性がある。,0.7285593748092651,5.167174339294434,1_6,2_4
A17_0,ロボット技術と連携するAIは、未来の産業を変えるだろう。,0.6924269199371338,-0.14880728721618652,1_3,2_31
A18_0,AIの発展は新たな法律や規制の制定を促すべきである。,1.664987564086914,2.246814250946045,1_7,2_12
A19_0,AIを活用したスマートシティの構築が進むと考えます。,-0.5422625541687012,2.7201881408691406,1_8,2_5
A20_0,AI技術は、日々の生活における小さなストレスを軽減してくれる。,0.08878785371780396,1.534252405166626,1_2,2_34
A21_0,自然言語処理の進化により、AIは人間との対話がますます自然になるべきである。,1.7349233627319336,1.2266730070114136,1_2,2_22
A22_0,AIによる画像認識技術は、防犯カメラの効率を大きく上げるべきである。,1.062691330909729,4.070817470550537,1_7,2_20
A23_0,音声認識技術の発展は、バリアフリー社会の実現に寄与する。,0.6638078689575195,1.536853313446045,1_2,2_34
A24_0,AIの活用は、マーケティング分野において大きな可能性を秘めている。,3.8594813346862793,-0.046266186982393265,1_1,2_13
A25_0,AIの決定プロセスは、ユーザーにとって理解しやすい形にする必要がある。,1.1020262241363525,2.141005039215088,1_7,2_12
A26_0,産業界でのAI導入は、コスト削減と品質向上を両立させるものである。,1.056725263595581,-0.5077351927757263,1_3,2_31
A27_0,AIは、気候変動対策におけるシミュレーションで重要な役割を果たすべきである。,0.8993775248527527,4.977999210357666,1_6,2_4
A28_0,AIの活用により、災害予測や早期警戒システムが強化されるべきである。,1.8703964948654175,5.493384838104248,1_6,2_18
A29_0,金融分野では、AIがリスク評価に用いられている,5.35098123550415,0.7753075361251831,1_1,2_8
A29_1,金融分野では、AIが不正検知に用いられている,5.253382205963135,0.8564790487289429,1_1,2_8
A30_0,AI技術は、サイバーセキュリティ分野で大いに役立つ。,0.8673480153083801,3.168262481689453,1_7,2_1
A31_0,AIによる自動翻訳技術は、国際交流を円滑に進めるでしょう。,1.832628607749939,1.078873872756958,1_2,2_22
A32_0,産業用ロボットと連携したAIは、製造業の生産性を向上させる。,0.9172820448875427,-0.6279711127281189,1_3,2_31
A33_0,AIが人間の意思決定を補完することで、より正確な判断が可能となる。,3.141663074493408,1.3265186548233032,1_1,2_2
A34_0,AIシステムのメンテナンスとアップデートは継続的な課題である。,1.288075566291809,3.692450761795044,1_7,2_20
A35_0,AIの倫理性に関する議論は、今後も活発になるだろう。,1.4450629949569702,2.3979179859161377,1_7,2_12
A36_0,AIはエネルギー管理システムに革命をもたらすでしょう。,-0.48140034079551697,5.318470001220703,1_6,2_24
A37_0,スマートホームにおけるAIは、生活の質を向上させる。,-0.22926515340805054,2.5075902938842773,1_8,2_5
A38_0,AIの応用範囲は今後さらに広がっていくと考えます。,1.3980063199996948,1.841835618019104,1_7,2_12
A39_0,ビッグデータと連携したAIは、新たな発見をもたらす。,3.5227084159851074,2.3691012859344482,1_1,2_30
A40_0,AIを使った個別化医療は、患者に合わせた治療を実現する。,3.7176380157470703,5.026612758636475,1_5,2_0
A41_0,AIは犯罪予防や治安維持において効果的である。,0.662368893623352,3.867419481277466,1_7,2_20
A42_0,AIシステムの運用には専門家による継続的な監視が不可欠である。,1.3641012907028198,3.7539591789245605,1_7,2_20
A43_0,AIはアートや音楽の分野で新しい表現手法を生み出している。,4.3580851554870605,3.2109999656677246,1_4,2_37
A44_0,AI技術の急速な発展に伴い、教育内容も変革する必要がある。,0.37871482968330383,1.0470231771469116,1_2,2_9
A45_0,AIが仕事を奪うという懸念がある,3.016832113265991,1.2283556461334229,1_1,2_38
A45_1,AIによって新たな雇用が創出される可能性がある,1.147096872329712,0.6605164408683777,1_2,2_29
A46_0,AIの導入は中小企業にも手軽に行える環境が整いつつある。,2.802736520767212,0.728657066822052,1_1,2_19
A47_0,AIによる予測分析は、経済の動向把握に大いに役立つ。,4.203982830047607,1.0713180303573608,1_1,2_23
A48_0,AI技術の進化は、国ごとの技術格差を広げる恐れがある。,0.13525010645389557,0.8182721734046936,1_2,2_9
A49_0,市民生活に根付いたAIサービスの普及は、利便性を向上させる。,0.2939288914203644,2.861175060272217,1_8,2_28
A50_0,AIは従来の枠組みを超えた新たなビジネスモデルを生み出す。,3.5603220462799072,1.1984584331512451,1_1,2_2
A51_0,AIの透明性と説明責任は、利用者の信頼を得るために必要である。,1.058793306350708,2.2428112030029297,1_7,2_12
A52_0,自然災害の被害予測にAIを活用する試みが進んでいる,1.8540127277374268,5.473275661468506,1_6,2_18
A53_0,AIを利用したスマート農業が、食糧生産に革命を起こす可能性がある。,0.552786648273468,-1.086837649345398,1_3,2_10
A54_0,AIの進歩は、遠隔医療の発展を促進する。,3.9699347019195557,5.5334649085998535,1_5,2_35
A55_0,産業界でのAI活用は、イノベーションの加速に寄与している。,0.7879520654678345,-0.3582037389278412,1_3,2_31
A56_0,AIの適用範囲拡大には、社会全体の理解と協力が不可欠である。,1.6134449243545532,2.3054070472717285,1_7,2_12
A57_0,AI技術は、交通渋滞の緩和に役立つと考えられる。,-0.9890736937522888,3.358518123626709,1_8,2_15
A58_0,AIは、研究開発分野での試行錯誤を大幅に効率化する。,3.586846113204956,3.241248607635498,1_4,2_7
A59_0,AIの導入に伴うセキュリティリスクについて十分な対策が求められる,1.6910661458969116,3.2121527194976807,1_7,2_25
A60_0,AIは、個人のライフログ解析により健康管理をサポートする。,3.984879732131958,4.670290946960449,1_5,2_0
A61_0,AIを用いた犯罪解析は、警察の捜査に大きな助けとなる。,1.1082669496536255,3.9150750637054443,1_7,2_20
A62_0,AI技術は、公共サービスの改善に寄与する可能性が高い。,0.048980168998241425,2.1694958209991455,1_8,2_27
A63_0,AIのアルゴリズムに対する外部監査が必要である。,1.9666730165481567,2.57666277885437,1_7,2_12
A64_0,AIの判断基準の公開は、社会的合意形成のために重要である。,1.4898390769958496,2.4115962982177734,1_7,2_12
A65_0,AIは複雑な問題の解決策を提示する力を持っている。,2.73176908493042,2.539092779159546,1_7,2_14
A66_0,AIの利用により、業務の自動化と効率化が実現されている。,2.378021240234375,0.6369425654411316,1_1,2_19
A67_0,AIを利用する際のプライバシー保護対策は必ず講じるべきである。,1.2660143375396729,3.0318658351898193,1_7,2_1
A68_0,AIは新たな研究分野を切り開く原動力となるべきである。,3.699350357055664,3.6030185222625732,1_4,2_7
A69_0,AI技術の国際的な標準化が進むことを期待する,0.12738771736621857,0.7876855731010437,1_2,2_9
A70_0,AIを取り巻く法整備は、今後の大きな課題の一つである。,1.55086088180542,2.169339656829834,1_7,2_12
A71_0,AIは遠隔操作技術と組み合わせることで、多くの分野に応用可能である。,3.3378567695617676,5.957793235778809,1_5,2_17
A72_0,AIの進化は、既存のビジネスプロセスを根本から見直す契機となる。,2.6024913787841797,0.2934039831161499,1_1,2_19
A73_0,AIによる自動分析は、ビッグデータ時代において必要不可欠である。,3.3890278339385986,2.0570390224456787,1_1,2_30
A74_0,AI技術が普及することで、地域間の情報格差が縮小されることを期待する。,-0.026109326630830765,1.9406957626342773,1_8,2_27
A75_0,AIはエンターテイメント分野において新たな体験を提供する。,4.553115367889404,2.62050199508667,1_4,2_6
A76_0,AIを活用したロボットが介護現場での支援を行う可能性がある。,3.241274118423462,5.060676097869873,1_5,2_36
A77_0,AIによる予測モデルは、災害時の迅速な対応を助けるべきである。,1.8870646953582764,5.513155937194824,1_6,2_18
A78_0,AIの倫理的側面について、社会全体で議論する必要がある。,1.5478779077529907,2.4985430240631104,1_7,2_12
A79_0,AI技術の進展は、産業構造の変革を促進する。,0.46191826462745667,0.5416233539581299,1_2,2_9
A80_0,AIは、複雑な問題の解決に向けた新たな視点を提供する。,2.6483802795410156,2.756438732147217,1_7,2_14
A81_0,AIのアルゴリズムは、人間の偏見を排除するために改良されるべきです。,2.1425130367279053,2.2748918533325195,1_7,2_12
A82_0,AIは、科学研究の分野で新しい発見を促進するツールとなるべきである。,3.650486469268799,3.4925243854522705,1_4,2_7
A83_0,AIによる自動化は、業界全体の競争力を高める。,1.2151604890823364,0.0951366275548935,1_2,2_29
A84_0,AI技術の透明性は、利用者の安心感を高めるために不可欠である。,0.9029403328895569,2.346560001373291,1_8,2_27
A85_0,AIを活用したシステムは、サービスのパーソナライズ化を推進する。,2.5885305404663086,1.320884346961975,1_1,2_38
A86_0,AIの利用は社会の効率化に寄与するが、新たな課題も生み出す。,2.0252954959869385,2.426666259765625,1_7,2_12
A87_0,AIはデジタルトランスフォーメーションの中核技術である。,1.0316826105117798,-0.015822038054466248,1_3,2_31
A88_0,AIの発展は、労働市場におけるスキルの再構築を必要とする。,1.1666163206100464,1.0700849294662476,1_2,2_22
A89_0,AIが創出する新たな市場には、大きな成長が見込まれる。,3.4350028038024902,1.2166991233825684,1_1,2_2
A90_0,AI技術の利用にあたっては、倫理委員会の設置が望まれる。,1.1460782289505005,2.509126901626587,1_7,2_1
A91_0,AIは文化や芸術の分野において革新をもたらすだろう。,4.279012203216553,3.2677628993988037,1_4,2_37
A92_0,AIの導入は、公共交通システムの改善に寄与すると考える。,-0.29722967743873596,3.0954034328460693,1_8,2_5
A93_0,AIは情報過多の時代において重要なフィルタリングツールとなる。,2.039872407913208,3.122431516647339,1_7,2_25
A94_0,AIを利用したリモートワーク支援システムが普及するだろう。,3.3786673545837402,6.0932817459106445,1_5,2_17
A95_0,AI技術の応用には、ユーザー教育が重要な要素である。,0.4652523994445801,1.3081260919570923,1_2,2_34
A96_0,AIは農業の自動化やスマート農業において革新的な役割を果たす。,0.5756053924560547,-1.0456606149673462,1_3,2_10
A97_0,AIの進化は医療診断だけでなく治療にも貢献すると期待される。,4.202902793884277,5.375483989715576,1_5,2_35
A98_0,AIによる予測技術は、金融市場のリスク管理に役立つ。,5.213911533355713,0.7728248238563538,1_1,2_8
A99_0,AIは、従来の枠を超えた新しいビジネスチャンスを創出する。,3.5322656631469727,1.2405961751937866,1_1,2_2
A100_0,AIの発展には国際的な協力が不可欠である,1.6404708623886108,1.8425638675689697,1_7,2_12
A100_1,AIの発展には規制の整備が不可欠である,1.7108864784240723,2.300157308578491,1_7,2_12
A101_0,AIは環境モニタリングの分野で実力を発揮する。,1.055281162261963,5.015167713165283,1_6,2_4
A102_0,AI技術は、都市計画やスマートシティの実現に寄与する。,-1.0978978872299194,3.8445427417755127,1_8,2_26
A103_0,AIを用いたデータ解析は、政策決定に新たな視点を提供する。,3.395601272583008,1.8622093200683594,1_1,2_30
A104_0,AIはエネルギー消費の最適化に貢献する可能性がある。,-0.45267966389656067,5.346946716308594,1_6,2_24
A105_0,AIを活用した自動監視システムは、防犯対策として有効である。,1.0525161027908325,3.9675018787384033,1_7,2_20
A106_0,AI技術の進化は、ビジネスプロセスの再設計を促進する。,2.2103850841522217,-0.2858554422855377,1_3,2_21
A107_0,AIは、個々のニーズに合わせたカスタマイズサービスを可能にする。,4.192853927612305,1.830078363418579,1_1,2_23
A108_0,AIの倫理性について教育や啓蒙活動が必要である。,1.5530812740325928,2.4257590770721436,1_7,2_12
A109_0,AIは音声アシスタントとして日常生活を支える存在である。,3.1273245811462402,4.567863941192627,1_5,2_36
A110_0,AIを利用した翻訳技術は、国際交流をより円滑にする。,2.0233407020568848,0.9924701452255249,1_2,2_22
A111_0,AIは社会福祉分野において新たな解決策を提供するだろう。,2.4049456119537354,3.030562400817871,1_7,2_14
A112_0,AI技術は、物流業界における効率化の鍵となる。,1.8699380159378052,-0.11233947426080704,1_3,2_3
A113_0,AIによるデータ解析は、マーケティング戦略の最適化に役立つ。,3.7600972652435303,-0.1565869301557541,1_1,2_13
A114_0,AIの進化は、スポーツの分析や戦略立案に影響を与える。,3.213397979736328,0.20526917278766632,1_1,2_32
A115_0,AIは医療分野での早期発見や予防に寄与するべきである。,4.2552056312561035,5.126006126403809,1_5,2_35
A116_0,AI技術の利用は環境保護に関連している,1.145936369895935,5.359567642211914,1_6,2_4
A116_1,AI技術の利用は持続可能な開発に関連している,0.08581992238759995,4.797150135040283,1_6,2_11
A117_0,AIを活用したリサーチは、科学研究のスピードを向上させる。,3.4433000087738037,3.124438524246216,1_4,2_7
A118_0,AIは金融詐欺の検知や防止に効果を発揮する。,5.115550994873047,0.8923447728157043,1_1,2_8
A119_0,AIの進化は、デジタル経済の発展と深く結びついている。,1.0289758443832397,0.6822987794876099,1_2,2_29
A120_0,AI技術は、災害時の迅速な情報提供に寄与するべきである。,1.900779366493225,5.526113033294678,1_6,2_18
A121_0,AIはリアルタイムデータの解析で現状把握に貢献する。,3.2898120880126953,2.009559392929077,1_1,2_30
A122_0,AIを用いたシステムは、医療現場での負担軽減に役立つ。,3.636587381362915,4.966695785522461,1_5,2_0
A123_0,AIはエンターテイメントの新たなコンテンツ生成に貢献する。,4.537731170654297,2.7877254486083984,1_4,2_6
A124_0,AI技術の導入には官民連携による取り組みが鍵となる,0.1657361388206482,2.21842885017395,1_8,2_27
A125_0,AIは物流や交通の効率化を実現する強力なツールである。,1.8272936344146729,0.2274581789970398,1_3,2_3
A126_0,AIを活用したリモート診断システムが普及し始めている。,3.6152966022491455,5.747698783874512,1_5,2_17
A127_0,AIは、情報収集と解析のスピードを飛躍的に向上させる。,3.037537097930908,2.213967800140381,1_1,2_30
A128_0,AI技術は、金融機関のリスク管理を支援する役割を担うべきである。,5.4384942054748535,0.7473956346511841,1_1,2_8
A129_0,AIは、個人の趣味やライフスタイルに合わせたサービスを提供すべきである。,4.3805036544799805,1.9959559440612793,1_1,2_23
A130_0,AIの利用は、ビッグデータの新たな活用方法を示している。,3.3931241035461426,2.088484287261963,1_1,2_30
A131_0,AIは公共サービスのデジタル化を加速させるべきである。,0.06322549283504486,2.637129545211792,1_8,2_28
A132_0,AIを使った自動化システムは、工場の生産ラインで導入が進んでいる。,1.312777042388916,-0.638248860836029,1_3,2_31
A133_0,AI技術の進化は、従来の業界構造を根本から変える可能性がある。,0.39479729533195496,0.6019524335861206,1_2,2_9
A134_0,AIは消費者行動の分析や予測において有効である。,4.178541660308838,0.7613366842269897,1_1,2_32
A135_0,AIの発展は、未来の働き方を大きく変えると考えます。,1.0394680500030518,1.3521119356155396,1_2,2_34
A136_0,AIを取り入れたシステムは、エネルギー管理の最適化に役立つ。,-0.37276768684387207,5.439169406890869,1_6,2_24
A137_0,AIは都市部の混雑緩和に向けた交通システムでの利用が期待される。,-0.7560354471206665,3.3031556606292725,1_8,2_15
A138_0,AI技術は環境監視に応用されるべきである,1.2209842205047607,5.346933841705322,1_6,2_4
A138_1,AI技術は災害予測に応用されるべきである,1.7976772785186768,5.543710708618164,1_6,2_18
A139_0,AIはマーケティングキャンペーンの効果測定に新たな可能性を提供する。,3.918121576309204,0.0015962041215971112,1_1,2_13
A140_0,AIを活用したカスタマーサポートはサービス向上に貢献する。,2.621678590774536,1.3785041570663452,1_1,2_38
A141_0,AI技術の普及は、各業界でのイノベーションを促進する。,0.2920224666595459,0.5241990685462952,1_2,2_9
A142_0,AIはリモートワークの生産性向上に大いに寄与する。,3.2794010639190674,6.064298152923584,1_5,2_17
A143_0,AIを利用したシステムは、データ管理の効率化を実現する。,2.5986833572387695,1.3532509803771973,1_1,2_38
A144_0,AIはエンターテイメント分野でのパーソナライズ体験を提供する。,4.55143404006958,2.600902557373047,1_4,2_6
A145_0,AIの進化は、企業の競争戦略に大きな影響を与える。,3.073718309402466,0.25832897424697876,1_1,2_32
A146_0,AI技術は、教育現場での個別指導に新たな視点をもたらす。,0.3933635950088501,1.312400221824646,1_2,2_34
A147_0,AIは、ユーザーの行動分析を通じたサービス改善に貢献する。,4.278223514556885,1.637300729751587,1_1,2_23
A148_0,AIを活用した健康管理アプリは、日常の健康維持に役立っている。,3.5992228984832764,4.782861709594727,1_5,2_0
A149_0,AIの利用は、グローバルなビジネスの意思決定を支援する。,2.853726387023926,0.6307060718536377,1_1,2_19
A150_0,AIは公共安全や防犯システムにおいて重要な役割を果たすべきである。,0.7181302309036255,3.590782403945923,1_7,2_20
A151_0,AI技術の応用は、交通事故の削減に寄与する可能性がある。,-1.0575412511825562,3.445114850997925,1_8,2_15
A152_0,AIはリサイクルや廃棄物管理の効率化に役立つと考えます。,-0.7420564293861389,5.066344738006592,1_6,2_24
A153_0,AIを利用したシミュレーションは、新製品開発のスピードを加速させる。,3.472766876220703,2.9336233139038086,1_4,2_7
A154_0,AIは、行政サービスのデジタル化を推進する一助となる。,0.12945866584777832,2.688347339630127,1_8,2_28
A155_0,AI技術は、ビジネスのデジタルトランスフォーメーションを支援する。,2.2720236778259277,-0.5685471296310425,1_3,2_21
A156_0,AIは社会的課題の解決に向けた新しいアプローチを提供する。,2.4259033203125,2.946207046508789,1_7,2_14
A157_0,AIを利用することで、データ分析がより迅速かつ正確に行える。,3.1128859519958496,1.819472312927246,1_1,2_30
A158_0,AIは環境保全のためのエネルギー最適化に応用可能である。,-0.41839152574539185,5.348774433135986,1_6,2_24
A159_0,AI技術の透明性確保は、利用者の信頼獲得に直結する。,0.8907927870750427,2.297980308532715,1_8,2_27
A160_0,AIは、クリエイティブな分野での新たな表現手法を促進する。,4.254748821258545,3.224698781967163,1_4,2_37
A161_0,AIを利用したロボットは、災害現場での救助活動をサポートする。,2.4842867851257324,5.315141201019287,1_6,2_18
A162_0,AI技術は、サプライチェーン管理の効率化に大きな影響を与える。,2.0139248371124268,-0.3317333459854126,1_3,2_21
A163_0,AIはリモート診断や遠隔医療において画期的な成果を上げている,3.983673095703125,5.5013108253479,1_5,2_35
A164_0,AIを用いた自動化技術は、製造業の生産性を大幅に向上させる。,1.3007549047470093,-0.7956348657608032,1_3,2_31
A165_0,AI技術の急速な進化は、各国の規制整備を促している。,0.2035074681043625,0.7319718599319458,1_2,2_9
A166_0,AIは、情報の信頼性を高めるためのツールとして期待される。,2.033339500427246,3.2500360012054443,1_7,2_25
A167_0,AIの利用は、公共交通の運行管理に革新的な変化をもたらす。,-0.2589194178581238,3.2022180557250977,1_8,2_5
A168_0,AIを取り入れたシステムは、企業の意思決定プロセスをサポートする。,2.896353244781494,0.43703141808509827,1_1,2_19
A169_0,AIは農業分野での作物管理に有用である,0.5243785381317139,-1.1461899280548096,1_3,2_10
A169_1,AIは農業分野での収穫予測に有用である,0.49749675393104553,-1.1374530792236328,1_3,2_10
A170_0,AI技術は、都市のエネルギー管理システムにも適用可能である。,-0.9336981773376465,4.12946891784668,1_8,2_26
A171_0,AIは、介護や福祉の現場での業務負担を軽減するでしょう。,3.581294298171997,4.825610160827637,1_5,2_0
A172_0,AIを活用した自動運転技術は、交通事故のリスクを低減する。,-1.2233340740203857,2.9170949459075928,1_8,2_33
A173_0,AI技術の進化は、各国の経済成長に寄与する要素となるべきである。,0.3540363311767578,0.6749038696289062,1_2,2_9
A174_0,AIは、ユーザーの行動パターンに基づいたサービス改善を可能にする。,4.318828105926514,1.5914802551269531,1_1,2_23
A175_0,AIを利用したデータ解析は、政策立案において有効である。,3.333547592163086,1.6396254301071167,1_1,2_2
A176_0,AI技術は、スポーツ戦略や選手のパフォーマンス解析に革新をもたらす。,3.332068681716919,-0.16840387880802155,1_1,2_13
A177_0,AIは企業の顧客サポートにおいて自動化を推進するツールである。,2.336517810821533,0.23483440279960632,1_3,2_3
A178_0,AIの利用は、グローバルな経済活動において大きな影響を与える。,2.886904001235962,0.8181739449501038,1_1,2_19
A179_0,AIを活用することで、環境モニタリングの精度が向上する。,1.2562055587768555,4.946182727813721,1_6,2_4
A180_0,AIは、エネルギーの効率的な利用促進に役立つと考えます。,-0.5921497344970703,5.244638442993164,1_6,2_24
A181_0,AI技術の進展は、国民生活の質を向上させる可能性がある。,0.08042029291391373,1.5808390378952026,1_2,2_34
A182_0,AIは、研究開発分野での新たな発見を促進する力を持っている。,3.897319793701172,3.5581607818603516,1_4,2_7
A183_0,AIを利用した自動化システムは、サービス業の効率化に寄与する。,2.4436089992523193,1.045092225074768,1_1,2_38
A184_0,AIはデータセキュリティの強化に向けた重要なツールである。,1.7233392000198364,3.3351755142211914,1_7,2_25
A185_0,AI技術は、都市の安全対策や防犯システムに役立つ。,-0.7285882234573364,3.94138240814209,1_8,2_26
A186_0,AIは金融市場の動向をリアルタイムで分析できる,4.6056342124938965,0.9259223937988281,1_1,2_8
A187_0,AIを活用したシステムは交通量の最適な管理を実現する。,-0.6346242427825928,3.4265248775482178,1_8,2_15
A188_0,AIはエンターテイメントコンテンツのパーソナライズに貢献する。,4.514361381530762,2.830660343170166,1_4,2_6
A189_0,AI技術の透明性と公正性の確保は、今後の大きな課題である。,0.9487612843513489,2.3069064617156982,1_8,2_27
A190_0,AIは公共サービスの効率化に寄与する,0.16039378941059113,2.9653408527374268,1_8,2_28
A190_1,AIは公共サービスの質の向上に寄与する,0.3505857586860657,2.912837028503418,1_8,2_28
A191_0,AIを利用したシステムは、教育分野における個別最適化学習を支援する。,2.805314064025879,3.8898630142211914,1_5,2_16
A192_0,AIは、国際的な研究協力を進める上で不可欠なツールである。,3.444755792617798,3.418597936630249,1_4,2_7
A193_0,AI技術は、産業界全体の競争力を大きく向上させる可能性がある。,0.40232178568840027,0.4640309810638428,1_2,2_9
A194_0,AIは、社会全体のデジタル化促進に寄与する重要な技術である。,0.49413856863975525,2.24825119972229,1_8,2_27
A195_0,AIを活用することで、より効率的な公共インフラの管理が可能になる,0.15770459175109863,3.1849207878112793,1_8,2_28
A196_0,AI技術の利用は、今後の経済発展にとって鍵となる。,0.6639536023139954,0.7940613627433777,1_2,2_9
A197_0,AIは、個々のニーズに合わせたカスタムソリューションを提供する。,4.200115203857422,1.9386844635009766,1_1,2_23
A198_0,AIを用いたシステムは、企業の業務改善に大きく貢献する。,2.69954252243042,0.6776475310325623,1_1,2_19
A199_0,AI技術の進化は、未来社会の多様な課題解決に寄与すると考える。,0.5488024950027466,0.9980218410491943,1_2,2_9
A200_0,AIは、人間の可能性を引き出すための新たなパートナーになるべきである。,3.6405773162841797,3.6483044624328613,1_4,2_7
A201_0,AIはビッグデータ解析において画期的な手法を提供する。,3.390153169631958,2.1895217895507812,1_1,2_30
A202_0,AI技術は、環境問題への新たな解決策として注目されている。,1.1320130825042725,5.455240726470947,1_6,2_4
A203_0,教育分野におけるAIの活用は、生徒一人ひとりの学習を支援する。,2.6783246994018555,4.082467555999756,1_5,2_16
A204_0,AIは医療診断の精度向上に大きな役割を果たしている。,4.218813419342041,5.208377838134766,1_5,2_35
A205_0,AIの自動運転技術は、交通安全を革新的に改善する。,-1.2300688028335571,2.8191912174224854,1_8,2_33
A206_0,AIによるデータ分析は、企業経営の意思決定を強化する。,3.391526937484741,0.5236958265304565,1_1,2_32
A207_0,AIはロボット工学と融合することで、製造業の効率を向上させる。,0.9446403384208679,-0.6306337714195251,1_3,2_31
A208_0,AIはリモートワークの新たな可能性を引き出すツールである。,3.460319995880127,6.11314058303833,1_5,2_17
A209_0,AI技術は、公共サービスの質向上に貢献する。,0.08020897209644318,2.2085161209106445,1_8,2_27
A210_0,AIを利用したシステムは、災害時の迅速な対応を支援する。,2.1651740074157715,5.483211517333984,1_6,2_18
A211_0,AIは観光業において、個別化された体験を提供する。,4.5544047355651855,2.451557159423828,1_4,2_6
A212_0,AIのアルゴリズムは、社会的公平性の向上に貢献すべきである。,2.057443857192993,2.3550896644592285,1_7,2_12
A213_0,AIは音声認識技術により、障害を持つ方々の生活を支援する。,3.0771191120147705,4.5869598388671875,1_5,2_36
A214_0,AIを活用することで、都市の交通渋滞が緩和される可能性がある。,-0.7378671169281006,3.3372952938079834,1_8,2_15
A215_0,AIはエネルギー管理において効率的な資源配分を実現する。,-0.5761880874633789,5.240059852600098,1_6,2_24
A216_0,AI技術の進展は、新たな市場と雇用を創出する。,0.7799087166786194,0.6739779114723206,1_2,2_29
A217_0,AIはサイバーセキュリティ分野におけるリスク管理を向上させる。,1.737707257270813,3.3980276584625244,1_7,2_25
A218_0,AIの透明性が向上すれば、ユーザーの信頼も深まるでしょう。,0.9420897364616394,2.2288639545440674,1_8,2_27
A219_0,AIは科学研究のスピードアップに貢献する革新的なツールである。,3.510005235671997,3.3467257022857666,1_4,2_7
A220_0,AIを利用した自動翻訳は、言語の壁を取り払う手段となる。,1.9108552932739258,1.1121290922164917,1_2,2_22
A221_0,AI技術は、エンターテインメントの新たな表現方法を生み出す。,4.675802230834961,2.7915761470794678,1_4,2_6
A222_0,AIは製造業における品質管理を大幅に改善する。,1.1736327409744263,-0.91853266954422,1_3,2_10
A223_0,AIは農業の生産性向上に向けた革新的な技術である。,0.5622156858444214,-1.0675811767578125,1_3,2_10
A224_0,AIは都市計画において効率的なインフラ管理を実現する。,-0.29734277725219727,3.8502328395843506,1_8,2_39
A225_0,AIのアルゴリズムは、情報の正確性を向上させることができる。,2.335714340209961,2.3174009323120117,1_7,2_14
A225_1,AIのアルゴリズムは、情報を迅速に提供することができる。,2.4505369663238525,2.341449737548828,1_7,2_14
A226_0,AIは自動化技術と組み合わせることで、業界の競争力を高める。,1.053830862045288,-0.20160330832004547,1_3,2_31
A227_0,AI技術の進化は、現代社会における革新的な変革を促す。,0.42557036876678467,0.8494786024093628,1_2,2_9
A228_0,AIを活用することで、健康管理がよりパーソナライズ化されるべきである。,3.8715639114379883,4.886084079742432,1_5,2_0
A229_0,AIは気候変動対策のためのシミュレーションに利用されている,0.9423568844795227,4.924143314361572,1_6,2_4
A230_0,AIは音楽や芸術の創作において新しい可能性を秘めている。,4.28217887878418,3.2544445991516113,1_4,2_37
A231_0,AI技術は、複雑な問題解決のための最適なツールである。,1.891544222831726,0.40889108180999756,1_3,2_3
A232_0,AIは産業界における効率向上を実現する。,1.1328701972961426,-0.5615450739860535,1_3,2_31
A232_1,AIは産業界におけるコスト削減を実現する。,1.171898365020752,-0.49796244502067566,1_3,2_31
A233_0,AIを利用したシステムは公共の安全性を高めるために活用されるべきである。,0.9647971987724304,3.3218636512756348,1_7,2_1
A234_0,AIは個人データの解析により健康予測が可能である。,3.9918062686920166,4.381248474121094,1_5,2_0
A235_0,AI技術は、金融業界のリスク評価に革新的なアプローチを提供する。,5.413023948669434,0.7459889650344849,1_1,2_8
A236_0,AIはスマートシティの実現に向けた中核技術として期待されている。,-0.597913384437561,2.778599262237549,1_8,2_5
A237_0,AIは自動運転車の安全性を向上させるための重要な要素である。,-1.220353126525879,2.7069592475891113,1_8,2_33
A238_0,AIの導入により、物流業界の効率性が大幅に向上する。,1.946722388267517,0.14016377925872803,1_3,2_3
A239_0,AI技術は、デジタルマーケティングにおける新しい戦略を生み出す。,3.5697975158691406,-0.34600746631622314,1_1,2_13
A240_0,AIはエネルギー分野での持続可能な開発を促進する。,-0.2044689804315567,5.033820152282715,1_6,2_24
A241_0,AIを活用した監視システムは、セキュリティ向上に寄与する。,1.2502919435501099,3.828110933303833,1_7,2_20
A242_0,AIは社会保障システムの効率化に貢献する可能性がある。,0.6481614708900452,2.9178900718688965,1_7,2_1
A243_0,AI技術の進歩は、学習方法や教育環境の変革を促す。,0.3702436089515686,1.1340056657791138,1_2,2_9
A244_0,AIは多様なデータソースを統合して包括的な分析を実現する。,3.3283987045288086,2.134977102279663,1_1,2_30
A245_0,AIは環境保護のための新たな技術革新をもたらす。,0.8275928497314453,5.3235697746276855,1_6,2_4
A246_0,AIを用いたシステムは、企業の生産プロセスを最適化する。,2.5687572956085205,0.29361677169799805,1_1,2_19
A247_0,AIはユーザーの行動を解析してパーソナライズされた体験を提供する。,4.361128807067871,1.6784114837646484,1_1,2_23
A248_0,AI技術は、遠隔医療の普及に大きく貢献している。,3.90260648727417,5.576325416564941,1_5,2_35
A249_0,AIは公共交通の運行効率を向上させる可能性がある。,-0.40702369809150696,3.2004716396331787,1_8,2_5
A250_0,AIは産業全体のデジタルトランスフォーメーションを促進する。,1.0954465866088867,-0.08318117260932922,1_3,2_31
A251_0,AIを活用することで、企業は革新的な製品を迅速に開発できる。,3.312044620513916,1.0111732482910156,1_1,2_2
A252_0,AIは、研究開発の現場で新たな発見の扉を開く。,3.839261054992676,3.5122554302215576,1_4,2_7
A253_0,AI技術の進展は、国際競争力の向上に寄与する。,0.2906396687030792,0.6463503241539001,1_2,2_9
A254_0,AIは企業内の業務プロセスの自動化に最適なツールである。,2.420076370239258,0.24675753712654114,1_1,2_19
A255_0,AIは社会問題解決に向けた革新的なアプローチを提供する。,2.4127848148345947,2.961334466934204,1_7,2_14
A256_0,AIを利用することで、医療現場の負担が大幅に軽減される。,3.65019154548645,5.036432266235352,1_5,2_0
A257_0,AI技術は、製造プロセスの最適化に寄与する。,1.9430184364318848,-0.42297396063804626,1_3,2_21
A257_1,AI技術は、製造プロセスの品質向上に寄与する。,1.9431225061416626,-0.5080822110176086,1_3,2_21
A258_0,AIは教育機関における個別最適化学習をサポートする。,2.7696454524993896,4.0087809562683105,1_5,2_16
A259_0,AIはリモートワーク環境の効率化を促進するでしょう。,3.382751941680908,6.1436238288879395,1_5,2_17
A260_0,AIを利用した監視技術は、災害時の早期対応に役立つ。,2.0570664405822754,5.346283912658691,1_6,2_18
A261_0,AIは金融詐欺の検出において強力なツールである,5.028346538543701,0.9688020348548889,1_1,2_8
A262_0,AI技術は、都市の交通管理システムの革新に貢献する。,-1.0122257471084595,3.795335531234741,1_8,2_26
A263_0,AIは公共安全分野での情報共有を効率化する。,0.876511812210083,3.288508892059326,1_7,2_1
A264_0,AIはリアルタイムデータの解析により迅速な対応を実現する。,3.226309061050415,1.917465329170227,1_1,2_30
A265_0,AIを活用することで、企業は市場動向を的確に把握できる。,3.464320421218872,0.6972688436508179,1_1,2_32
A266_0,AIは製品開発における創造性と革新性を高める。,4.0228071212768555,3.0868399143218994,1_4,2_37
A267_0,AI技術は、環境モニタリングの精度向上に寄与する。,1.2664810419082642,5.284714698791504,1_6,2_4
A268_0,AIはエネルギー消費の最適化を支援する技術である。,-0.4588108956813812,5.294318675994873,1_6,2_24
A269_0,AIは、自動運転技術の安全性向上に大きな貢献をする。,-1.20361328125,2.7812774181365967,1_8,2_33
A270_0,AIを利用することで、物流の効率が劇的に改善される。,1.8679779767990112,0.2573678195476532,1_3,2_3
A271_0,AI技術は、マーケティング分析の精度を向上させるべきである。,3.6152169704437256,-0.3010607361793518,1_1,2_13
A271_1,AI技術は、マーケティング分析のスピードを向上させるべきである。,3.608884811401367,-0.3092750310897827,1_1,2_13
A272_0,AIは企業のデータ戦略に新たな視点を提供する。,3.588413953781128,0.77881920337677,1_1,2_32
A273_0,AIは、スマートホーム技術の発展に不可欠な要素である。,-0.47505617141723633,2.580556631088257,1_8,2_5
A274_0,AIを活用したシステムは、カスタマーエクスペリエンスを向上させる。,2.5859789848327637,1.2269067764282227,1_1,2_38
A275_0,AIは、国際ビジネスにおけるコミュニケーションの円滑化に寄与する。,2.131751775741577,0.8829345107078552,1_2,2_22
A276_0,AI技術は、農業の自動化と効率化に大きな可能性を秘めている。,0.6585641503334045,-0.9946553111076355,1_3,2_10
A277_0,AIは医療の現場で診断精度を向上させる革新的な手段である。,4.078704357147217,5.296839714050293,1_5,2_35
A278_0,AIは交通渋滞を解消するための先進技術として期待されている。,-0.8612986207008362,3.0459868907928467,1_8,2_15
A279_0,AIを利用したデータ解析は、経済予測の精度を高める。,3.60687518119812,1.5054595470428467,1_1,2_2
A280_0,AI技術は、リモート教育の新たな可能性を切り拓く。,3.432727098464966,6.032993316650391,1_5,2_17
A281_0,AIはデジタルマーケティングの戦略策定に貢献する。,3.9012069702148438,0.027710692957043648,1_1,2_13
A282_0,AIは公共施設の管理において革新的なソリューションを提供する。,0.3771870732307434,3.1464643478393555,1_8,2_28
A283_0,AIを活用することで、企業は業務効率の向上を実現できる。,2.5637779235839844,0.6919394731521606,1_1,2_19
A284_0,AIは、ユーザーの嗜好に基づいたサービス提案を可能にする。,4.42110013961792,1.8368728160858154,1_1,2_23
A285_0,AI技術は、物流の最適化と配送スピードの向上を支援する。,1.906377911567688,-0.017124181613326073,1_3,2_3
A286_0,AIは、スマートシティ構築のための重要な技術要素である。,-0.533058762550354,2.719383716583252,1_8,2_5
A287_0,AIを利用したセンサーデータの解析は、環境監視に効果的である。,1.3358099460601807,4.693800449371338,1_6,2_4
A288_0,AIはエンターテインメント業界での革新的な体験を創出する。,4.510241985321045,2.6393768787384033,1_4,2_6
A289_0,AI技術は、金融市場におけるリスク管理の手法を革新する。,5.391450881958008,0.731406569480896,1_1,2_8
A290_0,AIは、行政サービスのデジタル化と効率化に寄与する。,0.14334316551685333,2.7540841102600098,1_8,2_28
A291_0,AIを活用することで、製造業における生産性が向上する。,1.3671092987060547,-0.728797972202301,1_3,2_31
A292_0,AIは、科学研究の新たな発見を促進する重要なツールである。,3.7216086387634277,3.491344690322876,1_4,2_7
A293_0,AI技術は、企業のデジタルトランスフォーメーションを支援する。,2.3449931144714355,-0.6038728356361389,1_3,2_21
A294_0,AIは消費者行動の分析を通じてマーケティング戦略を革新する。,4.058393478393555,0.248409703373909,1_1,2_13
A295_0,AIは、環境問題解決のためのシミュレーション技術として有望である。,0.9253387451171875,5.146600246429443,1_6,2_4
A296_0,AI技術は、公共交通の運行効率を大幅に改善する。,-0.635313093662262,3.2159342765808105,1_8,2_15
A297_0,AIは、リモート医療の普及に向けた新たな可能性を提供する。,3.7537615299224854,5.725522041320801,1_5,2_35
A298_0,AIを利用したシステムは、企業の業務プロセスを最適化する。,2.6392643451690674,0.5777628421783447,1_1,2_19
A299_0,AIは都市のエネルギー管理に貢献する,-0.7479413747787476,4.596212863922119,1_8,2_26
A299_1,AIは持続可能な開発に貢献する,0.09854882210493088,4.779721736907959,1_6,2_11
A300_0,AI技術は、未来の社会における革新的な変革を促す。,0.5395293831825256,0.991137683391571,1_2,2_9
A301_0,AIはビッグデータ解析によって新たな知見を引き出す。,3.431950330734253,2.1650443077087402,1_1,2_30
A302_0,AIを活用することで、医療分野の研究がさらに進展する。,3.953648567199707,4.915013313293457,1_5,2_0
A303_0,AI技術は、交通事故の減少に寄与する可能性がある。,-1.0748441219329834,3.3911819458007812,1_8,2_15
A304_0,AIは情報セキュリティの強化に向けた新たなアプローチを提供する。,1.8256590366363525,3.3360836505889893,1_7,2_25
A305_0,AIは社会全体の効率化に貢献するでしょう。,0.8131989240646362,2.7422587871551514,1_7,2_1
A305_1,AIは生産性向上に貢献するでしょう。,1.2932403087615967,-1.057255506515503,1_3,2_10
A306_0,AI技術は、製造業における自動化と品質改善の鍵である。,1.8037631511688232,-0.6398630142211914,1_3,2_21
A307_0,AIはデジタル教育の分野で新しい学びの形を提案する。,2.7763915061950684,3.792893648147583,1_5,2_16
A308_0,AIを利用したシステムは、企業の戦略的意思決定を支援する。,3.06941556930542,0.4360447824001312,1_1,2_32
A309_0,AIは環境モニタリングに寄与する,1.0786151885986328,4.982895851135254,1_6,2_4
A309_1,AIは持続可能な発展に寄与する,0.018318070098757744,4.801647186279297,1_6,2_11
A310_0,AI技術は、都市の安全性と防災対策を強化する。,-0.8632118701934814,3.970261573791504,1_8,2_26
A311_0,AIは消費者行動のリアルタイム解析により市場動向を予測できる,4.236793518066406,0.8210822939872742,1_1,2_23
A312_0,AIを活用することで、物流の効率化が実現する。,1.9122464656829834,0.3718506991863251,1_3,2_3
A312_1,AIを活用することで、コスト削減が実現する。,2.1155200004577637,0.5739334225654602,1_3,2_3
A313_0,AIは金融業界における新たなリスク管理手法を提供する。,5.339437961578369,0.7796250581741333,1_1,2_8
A314_0,AI技術は、エンターテインメント分野でのパーソナライズ体験を推進する。,4.641240119934082,2.742013454437256,1_4,2_6
A315_0,AIは製造業の自動化プロセスにおいて重要な役割を担うべきである。,1.038705587387085,-0.9732497930526733,1_3,2_10
A316_0,AIを利用することで、企業は迅速な市場対応が可能になる。,3.374588966369629,0.7568420171737671,1_1,2_32
A317_0,AIは健康管理分野における予防医学を革新する。,4.230869770050049,5.021903038024902,1_5,2_0
A318_0,AI技術は、都市の交通インフラの最適化に寄与する。,-1.06454336643219,3.7239737510681152,1_8,2_26
A319_0,AIは環境保全に貢献するでしょう。,0.6842686533927917,5.187928199768066,1_6,2_4
A319_1,AIはエネルギー効率に貢献するでしょう。,-0.6241494417190552,5.201127529144287,1_6,2_24
A320_0,AIを活用したシステムは、公共サービスの質向上に役立つ。,0.36065012216567993,2.8508448600769043,1_8,2_28
A321_0,AIは教育分野における個別学習の支援に最適である。,2.7379727363586426,3.98750901222229,1_5,2_16
A322_0,AI技術は、デジタル経済の発展にとって不可欠な要素である。,0.79947429895401,0.5922795534133911,1_2,2_29
A323_0,AIは、都市計画における持続可能な開発を推進する。,-0.09779823571443558,4.5514326095581055,1_6,2_11
A324_0,AIを利用することで、金融取引の安全性が向上する。,4.956075668334961,0.8775684833526611,1_1,2_8
A325_0,AIは企業の業務効率化に貢献する。,2.573695421218872,0.4262811541557312,1_1,2_19
A325_1,AIは企業の生産性向上に貢献する。,1.4809765815734863,-0.7367162704467773,1_3,2_31
A326_0,AI技術は、健康診断や予防医療の分野で革新をもたらす。,4.174805164337158,5.256769180297852,1_5,2_35
A327_0,AIは交通流の最適化に寄与する,-0.7444536089897156,3.3005900382995605,1_8,2_15
A327_1,AIは安全運転の支援に寄与する,-1.331721305847168,2.902660846710205,1_8,2_33
A328_0,AIを活用したデータ解析は、環境問題への効果的な対策を導く。,1.2683295011520386,4.789890289306641,1_6,2_4
A329_0,AIは公共セクターにおけるサービス向上のための鍵となる技術である。,0.1464729607105255,2.8995628356933594,1_8,2_28
A330_0,AI技術は、製造業における効率的な生産プロセスを支える。,1.9058983325958252,-0.5723438262939453,1_3,2_21
A331_0,AIは、ユーザーのニーズに合わせた情報提供を可能にする。,4.189315319061279,1.8066853284835815,1_1,2_23
A332_0,AIを利用することで、マーケティング戦略の精度が向上する。,3.8364059925079346,-0.017422428354620934,1_1,2_13
A333_0,AIは医療分野における診断ツールとして進化を遂げている。,4.239169120788574,5.286376953125,1_5,2_35
A334_0,AI技術は、企業のデジタルトランスフォーメーションを加速させる。,2.3482489585876465,-0.5907547473907471,1_3,2_21
A335_0,AIは環境保護のための新たな技術革新を実現する。,0.8588047623634338,5.392933368682861,1_6,2_4
A336_0,AIを活用することで、公共サービスの効率性が大幅に向上する。,0.08162897825241089,3.0481302738189697,1_8,2_28
A337_0,AIは物流業界における迅速な配送システムを支援する。,1.8528467416763306,0.1612313836812973,1_3,2_3
A338_0,AI技術は、都市のエネルギー効率向上に貢献する。,-0.9752609133720398,4.151415824890137,1_8,2_26
A339_0,AIは、デジタル社会における新しい価値創造を促す。,2.7846357822418213,2.8534083366394043,1_7,2_14
A340_0,AIを利用したシステムは、企業の戦略的意思決定を強化する。,3.1571614742279053,0.46359682083129883,1_1,2_32
A341_0,AIは医療研究における革新的な発見を促進する。,4.11346435546875,4.69419527053833,1_5,2_0
A342_0,AI技術は、環境モニタリングと災害予測に大きな力を発揮する。,1.6353360414505005,5.485875606536865,1_6,2_18
A343_0,AIは企業のデータ分析能力を向上させる有力な手段である。,3.555145263671875,0.6822830438613892,1_1,2_32
A344_0,AIを活用することで、教育現場における学習支援が充実する。,2.7301278114318848,3.9443864822387695,1_5,2_16
A345_0,AIはリモートワーク環境のさらなる進化を支える。,3.3785884380340576,6.159031391143799,1_5,2_17
A346_0,AI技術は、金融市場の不正検知とリスク管理に革新をもたらす。,5.41879940032959,0.7399678230285645,1_1,2_8
A347_0,AIは都市の防犯システムにおいて重要な役割を果たすべきである。,0.0012412704527378082,3.9169814586639404,1_8,2_39
A348_0,AIを利用することで、製造現場の安全性が向上する。,1.5394136905670166,-0.7276341915130615,1_3,2_31
A349_0,AIは医療分野での予防医学と早期発見に貢献する。,4.2555251121521,5.029127597808838,1_5,2_0
A350_0,AI技術は、企業の生産性向上と効率化に寄与する。,2.055039882659912,-0.5852684378623962,1_3,2_21
A351_0,AIは公共交通システムのデジタル化を推進する技術である。,-0.15168359875679016,2.647151470184326,1_8,2_5
A352_0,AIを活用したシステムは、情報のリアルタイム解析を実現する。,2.9922380447387695,1.9773889780044556,1_1,2_30
A353_0,AIはエネルギー分野での新たな技術革新をもたらす。,0.21544697880744934,5.416666507720947,1_6,2_24
A354_0,AI技術は、企業のマーケティング戦略の新たな基盤となるべきである。,3.523408889770508,-0.36877143383026123,1_1,2_13
A355_0,AIは都市のインフラ整備において重要な役割を担うべきである。,-0.1534854620695114,3.824862241744995,1_8,2_39
A356_0,AIを利用することで、企業は迅速な意思決定が可能となる。,3.165132522583008,0.644640326499939,1_1,2_32
A357_0,AIは医療診断の精度向上に向けた革新的なソリューションである。,4.053442478179932,5.335170269012451,1_5,2_35
A358_0,AI技術は、公共サービスのデジタル化を一層進めるでしょう。,0.014047904871404171,2.2044637203216553,1_8,2_27
A359_0,AIは製造業における自動化技術の進化を支援する。,1.0583680868148804,-0.5172014832496643,1_3,2_31
A360_0,AIを活用することで、企業の業務プロセスが大幅に効率化される。,2.5599231719970703,0.7085023522377014,1_1,2_19
A361_0,AIは消費者行動のパターンを解析し、サービス向上に寄与する。,4.2570905685424805,1.0343939065933228,1_1,2_23
A362_0,AI技術は、環境保護のための新たな手法を提供する。,1.03458833694458,5.423208236694336,1_6,2_4
A363_0,AIは公共の安全性を高めるための革新的なツールである。,1.3990200757980347,3.3680529594421387,1_7,2_25
A364_0,AIを利用することで、製造業における品質管理が強化されるべきである。,1.2532097101211548,-0.9610263705253601,1_3,2_10
A365_0,AIは健康管理分野におけるパーソナライズ医療を推進する。,4.2531938552856445,4.909397602081299,1_5,2_0
A366_0,AI技術は、都市の交通システムの最適化に寄与する。,-1.1070269346237183,3.757901191711426,1_8,2_26
A367_0,AIは企業のデータ戦略に新しい価値をもたらす。,3.5196657180786133,0.7636505365371704,1_1,2_32
A368_0,AIを活用することで、研究開発のプロセスが加速されるべきである。,3.4306211471557617,3.102017879486084,1_4,2_7
A369_0,AIは金融市場の動向予測において有効なツールである。,4.808981895446777,0.8199893236160278,1_1,2_8
A370_0,AI技術は、公共サービスの透明性向上に貢献するでしょう。,0.2320927381515503,2.267565965652466,1_8,2_27
A371_0,AIは製造業の自動化と効率化を促進する重要な技術である。,1.0623396635055542,-0.7441503405570984,1_3,2_31
A372_0,AIを利用することで、企業の市場分析がより正確になる。,3.584972620010376,0.7195999622344971,1_1,2_32
A373_0,AIは教育分野における個々の学習支援を強化する。,2.6934773921966553,4.03718900680542,1_5,2_16
A374_0,AI技術は、物流の最適化と輸送効率向上に寄与する。,1.8744713068008423,-0.07954247295856476,1_3,2_3
A375_0,AIは環境モニタリングの精度向上に役立つ革新的な技術である。,1.1435389518737793,5.1361494064331055,1_6,2_4
A376_0,AIを活用することで、医療現場での診断が迅速化されるべきである。,3.779710054397583,5.13123893737793,1_5,2_0
A377_0,AIは企業の生産ラインにおける自動化を推進するツールである。,1.449711561203003,-0.29144757986068726,1_3,2_31
A378_0,AI技術は、デジタル時代における情報解析の鍵となる。,0.9457224011421204,0.4318930506706238,1_2,2_29
A379_0,AIは都市の安全対策において効果を発揮するでしょう。,-0.18132415413856506,3.8744380474090576,1_8,2_39
A380_0,AIを利用することで、企業は市場動向に柔軟に対応できる。,3.3639371395111084,0.6458840370178223,1_1,2_32
A381_0,AIは製造業における生産性向上に寄与する,1.2461351156234741,-1.0068329572677612,1_3,2_10
A381_1,AIは製造業における効率改善に寄与する,1.156569242477417,-0.8795785307884216,1_3,2_10
A382_0,AI技術は、リモートワーク環境の革新を推進する。,3.3890488147735596,6.163564205169678,1_5,2_17
A383_0,AIは教育現場での新たな学習ツールとして期待される。,2.7849347591400146,3.872828722000122,1_5,2_16
A384_0,AIを活用することで、金融取引の安全性が強化されるべきである。,5.00569486618042,0.9633269309997559,1_1,2_8
A385_0,AIは環境保護に貢献する可能性がある,0.6368470191955566,5.203027725219727,1_6,2_4
A385_1,AIは持続可能な開発に貢献する可能性がある,0.07396288216114044,4.794040679931641,1_6,2_11
A386_0,AI技術は、都市のエネルギー管理システムの進化を支援する。,-0.9588833451271057,4.114166736602783,1_8,2_26
A387_0,AIは製造業のデジタルトランスフォーメーションを加速させる。,1.0502718687057495,-0.30918192863464355,1_3,2_31
A388_0,AIを利用することで、企業のリスク管理が強化されるべきである。,3.1350362300872803,0.8440901637077332,1_1,2_32
A389_0,AIは公共サービスの効率化を実現する。,0.18519407510757446,2.9885940551757812,1_8,2_28
A389_1,AIは公共サービスの品質向上を実現する。,0.2635825574398041,2.7753679752349854,1_8,2_28
A390_0,AI技術は、企業のマーケティング戦略に革新をもたらす。,3.4303224086761475,-0.2971126139163971,1_1,2_13
A391_0,AIは都市の交通システムの最適化に大きく貢献する。,-0.6977283954620361,3.543012857437134,1_8,2_15
A392_0,AIを活用することで、教育現場における学習効果が向上する。,2.574657440185547,3.8894879817962646,1_5,2_16
A393_0,AIは製造業の自動化プロセスにおいて重要な役割を果たすべきである。,0.9641560912132263,-0.7124438881874084,1_3,2_31
A394_0,AI技術は、企業のデータ解析能力を飛躍的に向上させる。,2.637547731399536,-0.4333670139312744,1_3,2_21
A395_0,AIは健康管理分野での予防策の強化に貢献する。,4.286335468292236,4.818694114685059,1_5,2_0
A396_0,AIを利用することで、金融市場における不正検知が向上する。,5.064948081970215,0.9241352677345276,1_1,2_8
A397_0,AIは都市の防災対策に有効である,-0.14517506957054138,4.04720401763916,1_8,2_39
A397_1,AIは災害予測に有効である,1.7710464000701904,5.405649662017822,1_6,2_18
A398_0,AI技術は、企業の業務プロセスの効率化に大きく寄与する。,2.2822885513305664,-0.29002565145492554,1_3,2_21
A399_1,AIは持続可能な社会構築に貢献するでしょう。,0.09968400001525879,4.615109443664551,1_6,2_11
A400_0,AIを活用することで、人々の生活の質が向上することを期待する。,0.7341359853744507,2.975586175918579,1_7,2_1
