arg-id,comment-id
A1_0,1
A2_0,2
A3_0,3
A4_0,4
A5_0,5
A6_0,6
A7_0,7
A8_0,8
A9_0,9
A10_0,10
A11_0,11
A12_0,12
A13_0,13
A14_0,14
A15_0,15
A16_0,16
A17_0,17
A18_0,18
A19_0,19
A20_0,20
A21_0,21
A22_0,22
A23_0,23
A24_0,24
A25_0,25
A26_0,26
A27_0,27
A28_0,28
A29_0,29
A29_1,29
A30_0,30
A31_0,31
A32_0,32
A33_0,33
A34_0,34
A35_0,35
A36_0,36
A37_0,37
A38_0,38
A39_0,39
A40_0,40
A41_0,41
A42_0,42
A43_0,43
A44_0,44
A45_0,45
A45_1,45
A46_0,46
A47_0,47
A48_0,48
A49_0,49
A50_0,50
A51_0,51
A52_0,52
A53_0,53
A54_0,54
A55_0,55
A56_0,56
A57_0,57
A58_0,58
A59_0,59
A60_0,60
A61_0,61
A62_0,62
A63_0,63
A64_0,64
A65_0,65
A66_0,66
A67_0,67
A68_0,68
A69_0,69
A70_0,70
A71_0,71
A72_0,72
A73_0,73
A74_0,74
A75_0,75
A76_0,76
A77_0,77
A78_0,78
A79_0,79
A80_0,80
A81_0,81
A82_0,82
A83_0,83
A84_0,84
A85_0,85
A86_0,86
A87_0,87
A88_0,88
A89_0,89
A90_0,90
A91_0,91
A92_0,92
A93_0,93
A94_0,94
A95_0,95
A96_0,96
A97_0,97
A98_0,98
A99_0,99
A100_0,100
A100_1,100
A101_0,101
A102_0,102
A103_0,103
A104_0,104
A105_0,105
A106_0,106
A107_0,107
A108_0,108
A109_0,109
A110_0,110
A111_0,111
A112_0,112
A113_0,113
A114_0,114
A115_0,115
A116_0,116
A116_1,116
A117_0,117
A118_0,118
A119_0,119
A120_0,120
A121_0,121
A122_0,122
A123_0,123
A124_0,124
A125_0,125
A126_0,126
A127_0,127
A128_0,128
A129_0,129
A130_0,130
A131_0,131
A132_0,132
A133_0,133
A134_0,134
A135_0,135
A136_0,136
A137_0,137
A138_0,138
A138_1,138
A139_0,139
A140_0,140
A141_0,141
A142_0,142
A143_0,143
A144_0,144
A145_0,145
A146_0,146
A147_0,147
A148_0,148
A149_0,149
A150_0,150
A151_0,151
A152_0,152
A153_0,153
A154_0,154
A155_0,155
A156_0,156
A157_0,157
A158_0,158
A159_0,159
A160_0,160
A161_0,161
A162_0,162
A163_0,163
A164_0,164
A165_0,165
A166_0,166
A167_0,167
A168_0,168
A169_0,169
A169_1,169
A170_0,170
A171_0,171
A172_0,172
A173_0,173
A174_0,174
A175_0,175
A176_0,176
A177_0,177
A178_0,178
A179_0,179
A180_0,180
A181_0,181
A182_0,182
A183_0,183
A184_0,184
A185_0,185
A186_0,186
A187_0,187
A188_0,188
A189_0,189
A190_0,190
A190_1,190
A191_0,191
A192_0,192
A193_0,193
A194_0,194
A195_0,195
A196_0,196
A197_0,197
A198_0,198
A199_0,199
A200_0,200
A201_0,201
A202_0,202
A203_0,203
A204_0,204
A205_0,205
A206_0,206
A207_0,207
A208_0,208
A209_0,209
A210_0,210
A211_0,211
A212_0,212
A213_0,213
A214_0,214
A215_0,215
A216_0,216
A217_0,217
A218_0,218
A219_0,219
A220_0,220
A221_0,221
A222_0,222
A223_0,223
A224_0,224
A225_0,225
A225_1,225
A226_0,226
A227_0,227
A228_0,228
A229_0,229
A230_0,230
A231_0,231
A232_0,232
A232_1,232
A233_0,233
A234_0,234
A235_0,235
A236_0,236
A237_0,237
A238_0,238
A239_0,239
A240_0,240
A241_0,241
A242_0,242
A243_0,243
A244_0,244
A245_0,245
A246_0,246
A247_0,247
A248_0,248
A249_0,249
A250_0,250
A251_0,251
A252_0,252
A253_0,253
A254_0,254
A255_0,255
A256_0,256
A257_0,257
A257_1,257
A258_0,258
A259_0,259
A260_0,260
A261_0,261
A262_0,262
A263_0,263
A264_0,264
A265_0,265
A266_0,266
A267_0,267
A268_0,268
A269_0,269
A270_0,270
A271_0,271
A271_1,271
A272_0,272
A273_0,273
A274_0,274
A275_0,275
A276_0,276
A277_0,277
A278_0,278
A279_0,279
A280_0,280
A281_0,281
A282_0,282
A283_0,283
A284_0,284
A285_0,285
A286_0,286
A287_0,287
A288_0,288
A289_0,289
A290_0,290
A291_0,291
A292_0,292
A293_0,293
A294_0,294
A295_0,295
A296_0,296
A297_0,297
A298_0,298
A299_0,299
A299_1,299
A300_0,300
A301_0,301
A302_0,302
A303_0,303
A304_0,304
A305_0,305
A305_1,305
A306_0,306
A307_0,307
A308_0,308
A309_0,309
A309_1,309
A310_0,310
A311_0,311
A312_0,312
A312_1,312
A313_0,313
A314_0,314
A315_0,315
A316_0,316
A317_0,317
A318_0,318
A319_0,319
A319_1,319
A320_0,320
A321_0,321
A322_0,322
A323_0,323
A324_0,324
A325_0,325
A325_1,325
A326_0,326
A327_0,327
A327_1,327
A328_0,328
A329_0,329
A330_0,330
A331_0,331
A332_0,332
A333_0,333
A334_0,334
A335_0,335
A336_0,336
A337_0,337
A338_0,338
A339_0,339
A340_0,340
A341_0,341
A342_0,342
A343_0,343
A344_0,344
A345_0,345
A346_0,346
A347_0,347
A348_0,348
A349_0,349
A350_0,350
A351_0,351
A352_0,352
A353_0,353
A354_0,354
A355_0,355
A356_0,356
A357_0,357
A358_0,358
A359_0,359
A360_0,360
A361_0,361
A362_0,362
A363_0,363
A364_0,364
A365_0,365
A366_0,366
A367_0,367
A368_0,368
A369_0,369
A370_0,370
A371_0,371
A372_0,372
A373_0,373
A374_0,374
A375_0,375
A376_0,376
A377_0,377
A378_0,378
A379_0,379
A380_0,380
A381_0,381
A381_1,381
A382_0,382
A383_0,383
A384_0,384
A385_0,385
A385_1,385
A386_0,386
A387_0,387
A388_0,388
A389_0,389
A389_1,389
A390_0,390
A391_0,391
A392_0,392
A393_0,393
A394_0,394
A395_0,395
A396_0,396
A397_0,397
A397_1,397
A398_0,398
A319_0,399
A399_1,399
A400_0,400
