arg-id,argument,x,y,cluster-level-1-id
A1_0,AIは未来を切り拓く画期的な技術であると感じる。,2.2095320224761963,-0.014926362782716751,g17
A2_0,AIの利用は業務効率化に大いに貢献すると思う,3.6479623317718506,-1.3207852840423584,g3
A3_0,倫理的な観点から、AIの利用には慎重さが必要である。,1.273891806602478,0.8717961311340332,g6
A4_0,医療分野でのAIの活用により、診断精度が向上している。,5.404715538024902,2.5517942905426025,g12
A5_0,自動運転技術におけるAIの進化は非常に期待できる。,-1.1352039575576782,0.2515749931335449,g4
A6_0,AIは創造性を刺激するツールとして有用である。,3.407191514968872,1.7812813520431519,g7
A7_0,データバイアスによる問題が懸念され、改善が必要である。,1.8194447755813599,1.486328363418579,g11
A8_0,AIによる自動化は雇用に影響を与える可能性がある。,2.768916606903076,-1.7699273824691772,g3
A9_0,教育現場でのAI利用は、個別最適化学習を実現する可能性がある。,3.326540231704712,0.3741518259048462,g9
A10_0,AIの発展は国際競争力を高める鍵になる。,2.3693459033966064,-0.9528629779815674,g18
A11_0,プライバシーの保護とAI技術の発展のバランスが重要である。,1.1894769668579102,0.9205405116081238,g6
A12_0,AIは日常生活の多くの面で便利さを提供してくれる。,1.0028934478759766,-0.25087663531303406,g19
A13_0,AIのアルゴリズムは透明性を持つべきである。,2.0248262882232666,1.027699589729309,g11
A14_0,AIは大量のデータ解析において非常に強力である。,5.1207051277160645,0.25575220584869385,g2
A15_0,AIの不正利用に対する対策が急務である,1.8916795253753662,1.135514259338379,g6
A16_0,AIは環境問題の解決に貢献する可能性がある。,1.4461265802383423,2.990126848220825,g8
A17_0,ロボット技術と連携するAIは、未来の産業を変えるだろう。,2.3825526237487793,-2.105975866317749,g10
A18_0,AIの発展は新たな法律や規制の制定を促すべきである。,1.976331353187561,0.6324009299278259,g6
A19_0,AIを活用したスマートシティの構築が進むと考えます。,0.11677677184343338,0.9016468524932861,g5
A20_0,AI技術は、日々の生活における小さなストレスを軽減してくれる。,0.9062985181808472,-0.6199930310249329,g19
A21_0,自然言語処理の進化により、AIは人間との対話がますます自然になるべきである。,2.8039932250976562,-1.3087941408157349,g20
A22_0,AIによる画像認識技術は、防犯カメラの効率を大きく上げるべきである。,1.0247496366500854,1.980170488357544,g15
A23_0,音声認識技術の発展は、バリアフリー社会の実現に寄与する。,1.6380434036254883,-0.3032826781272888,g15
A24_0,AIの活用は、マーケティング分野において大きな可能性を秘めている。,4.76749849319458,-1.5099380016326904,g7
A25_0,AIの決定プロセスは、ユーザーにとって理解しやすい形にする必要がある。,1.3628052473068237,0.4112721085548401,g11
A26_0,産業界でのAI導入は、コスト削減と品質向上を両立させるものである。,2.554213285446167,-2.5532963275909424,g10
A27_0,AIは、気候変動対策におけるシミュレーションで重要な役割を果たすべきである。,1.4763957262039185,3.152937412261963,g19
A28_0,AIの活用により、災害予測や早期警戒システムが強化されるべきである。,1.9800513982772827,4.197061061859131,g15
A29_0,金融分野では、AIがリスク評価に用いられている,6.211883544921875,-0.8012198805809021,g14
A29_1,金融分野では、AIが不正検知に用いられている,6.179683685302734,-0.8556486964225769,g14
A30_0,AI技術は、サイバーセキュリティ分野で大いに役立つ。,0.8776846528053284,1.1246751546859741,g6
A31_0,AIによる自動翻訳技術は、国際交流を円滑に進めるでしょう。,2.8534393310546875,-1.4037264585494995,g20
A32_0,産業用ロボットと連携したAIは、製造業の生産性を向上させる。,2.5317842960357666,-2.44802188873291,g3
A33_0,AIが人間の意思決定を補完することで、より正確な判断が可能となる。,4.488110542297363,-0.728569746017456,g2
A34_0,AIシステムのメンテナンスとアップデートは継続的な課題である。,1.3110913038253784,1.6896580457687378,g11
A35_0,AIの倫理性に関する議論は、今後も活発になるだろう。,1.8303762674331665,0.7447667121887207,g6
A36_0,AIはエネルギー管理システムに革命をもたらすでしょう。,-0.24023152887821198,2.769827365875244,g8
A37_0,スマートホームにおけるAIは、生活の質を向上させる。,0.4079664349555969,0.5162110924720764,g5
A38_0,AIの応用範囲は今後さらに広がっていくと考えます。,2.1330645084381104,0.04126836359500885,g17
A39_0,ビッグデータと連携したAIは、新たな発見をもたらす。,5.309530735015869,0.48869502544403076,g2
A40_0,AIを使った個別化医療は、患者に合わせた治療を実現する。,4.983792304992676,2.1310818195343018,g12
A41_0,AIは犯罪予防や治安維持において効果的である。,0.5574347972869873,1.6817271709442139,g15
A42_0,AIシステムの運用には専門家による継続的な監視が不可欠である。,1.300492286682129,1.6828564405441284,g11
A43_0,AIはアートや音楽の分野で新しい表現手法を生み出している。,3.6107423305511475,1.8221156597137451,g7
A44_0,AI技術の急速な発展に伴い、教育内容も変革する必要がある。,1.529355764389038,-0.8487384915351868,g1
A45_0,AIが仕事を奪うという懸念がある,4.298554420471191,-0.6388224959373474,g3
A45_1,AIによって新たな雇用が創出される可能性がある,2.3453176021575928,-1.1196036338806152,g3
A46_0,AIの導入は中小企業にも手軽に行える環境が整いつつある。,3.858604907989502,-1.379608392715454,g10
A47_0,AIによる予測分析は、経済の動向把握に大いに役立つ。,5.391679286956787,-0.6267370581626892,g2
A48_0,AI技術の進化は、国ごとの技術格差を広げる恐れがある。,1.1763272285461426,-1.1100660562515259,g18
A49_0,市民生活に根付いたAIサービスの普及は、利便性を向上させる。,0.22997435927391052,0.23551858961582184,g5
A50_0,AIは従来の枠組みを超えた新たなビジネスモデルを生み出す。,3.816849708557129,-0.7228963375091553,g1
A51_0,AIの透明性と説明責任は、利用者の信頼を得るために必要である。,1.3078582286834717,0.5249175429344177,g11
A52_0,自然災害の被害予測にAIを活用する試みが進んでいる,1.928977370262146,4.242842674255371,g8
A53_0,AIを利用したスマート農業が、食糧生産に革命を起こす可能性がある。,2.606339454650879,-3.184760808944702,g13
A54_0,AIの進歩は、遠隔医療の発展を促進する。,5.190207481384277,2.647242307662964,g12
A55_0,産業界でのAI活用は、イノベーションの加速に寄与している。,2.4535553455352783,-2.4385592937469482,g10
A56_0,AIの適用範囲拡大には、社会全体の理解と協力が不可欠である。,1.6309064626693726,0.5862266421318054,g18
A57_0,AI技術は、交通渋滞の緩和に役立つと考えられる。,-0.8235574960708618,0.8746975660324097,g4
A58_0,AIは、研究開発分野での試行錯誤を大幅に効率化する。,4.2441935539245605,0.9537452459335327,g16
A59_0,AIの導入に伴うセキュリティリスクについて十分な対策が求められる,1.7480639219284058,1.4473927021026611,g6
A60_0,AIは、個人のライフログ解析により健康管理をサポートする。,5.3532562255859375,1.861585021018982,g12
A61_0,AIを用いた犯罪解析は、警察の捜査に大きな助けとなる。,0.8652234077453613,1.8483363389968872,g15
A62_0,AI技術は、公共サービスの改善に寄与する可能性が高い。,0.4716160297393799,-0.3088201582431793,g5
A63_0,AIのアルゴリズムに対する外部監査が必要である。,1.9174611568450928,1.129085659980774,g11
A64_0,AIの判断基準の公開は、社会的合意形成のために重要である。,1.597641944885254,0.6411868929862976,g6
A65_0,AIは複雑な問題の解決策を提示する力を持っている。,2.6334152221679688,0.7068066596984863,g1
A66_0,AIの利用により、業務の自動化と効率化が実現されている。,3.445798873901367,-1.3651505708694458,g3
A67_0,AIを利用する際のプライバシー保護対策は必ず講じるべきである。,1.2090884447097778,1.145596981048584,g6
A68_0,AIは新たな研究分野を切り開く原動力となるべきである。,3.1608152389526367,2.0578293800354004,g16
A69_0,AI技術の国際的な標準化が進むことを期待する,1.0921591520309448,-1.0947825908660889,g18
A70_0,AIを取り巻く法整備は、今後の大きな課題の一つである。,2.1771669387817383,0.3048402965068817,g6
A71_0,AIは遠隔操作技術と組み合わせることで、多くの分野に応用可能である。,4.364716053009033,2.9670217037200928,g10
A72_0,AIの進化は、既存のビジネスプロセスを根本から見直す契機となる。,3.4183549880981445,-1.348130464553833,g1
A73_0,AIによる自動分析は、ビッグデータ時代において必要不可欠である。,5.2326226234436035,0.3485146760940552,g2
A74_0,AI技術が普及することで、地域間の情報格差が縮小されることを期待する。,0.5546550750732422,-0.5602172613143921,g19
A75_0,AIはエンターテイメント分野において新たな体験を提供する。,4.043410301208496,1.3298470973968506,g7
A76_0,AIを活用したロボットが介護現場での支援を行う可能性がある。,4.694674968719482,2.3250131607055664,g15
A77_0,AIによる予測モデルは、災害時の迅速な対応を助けるべきである。,2.0014336109161377,4.248922348022461,g5
A78_0,AIの倫理的側面について、社会全体で議論する必要がある。,1.5729676485061646,0.751986026763916,g6
A79_0,AI技術の進展は、産業構造の変革を促進する。,1.4784693717956543,-1.3406720161437988,g1
A80_0,AIは、複雑な問題の解決に向けた新たな視点を提供する。,2.6964128017425537,0.7758363485336304,g10
A81_0,AIのアルゴリズムは、人間の偏見を排除するために改良されるべきです。,2.141930103302002,0.9251170754432678,g6
A82_0,AIは、科学研究の分野で新しい発見を促進するツールとなるべきである。,3.266632318496704,2.0596799850463867,g16
A83_0,AIによる自動化は、業界全体の競争力を高める。,2.727386951446533,-1.8605296611785889,g3
A84_0,AI技術の透明性は、利用者の安心感を高めるために不可欠である。,1.1663967370986938,0.5457817912101746,g11
A85_0,AIを活用したシステムは、サービスのパーソナライズ化を推進する。,3.3578007221221924,-0.6737142205238342,g7
A86_0,AIの利用は社会の効率化に寄与するが、新たな課題も生み出す。,2.3736283779144287,0.47349315881729126,g3
A87_0,AIはデジタルトランスフォーメーションの中核技術である。,2.136784553527832,-2.0178771018981934,g10
A88_0,AIの発展は、労働市場におけるスキルの再構築を必要とする。,2.0679094791412354,-0.8823356628417969,g3
A89_0,AIが創出する新たな市場には、大きな成長が見込まれる。,3.762810707092285,-0.38222023844718933,g1
A90_0,AI技術の利用にあたっては、倫理委員会の設置が望まれる。,1.3414695262908936,0.6870922446250916,g6
A91_0,AIは文化や芸術の分野において革新をもたらすだろう。,3.6164188385009766,1.8693479299545288,g7
A92_0,AIの導入は、公共交通システムの改善に寄与すると考える。,-0.2993870675563812,0.23120030760765076,g5
A93_0,AIは情報過多の時代において重要なフィルタリングツールとなる。,2.1409122943878174,1.6620641946792603,g2
A94_0,AIを利用したリモートワーク支援システムが普及するだろう。,4.503645896911621,3.105962038040161,g9
A95_0,AI技術の応用には、ユーザー教育が重要な要素である。,1.568110466003418,-0.6258576512336731,g2
A96_0,AIは農業の自動化やスマート農業において革新的な役割を果たす。,2.5702571868896484,-3.14023756980896,g13
A97_0,AIの進化は医療診断だけでなく治療にも貢献すると期待される。,5.351163864135742,2.552349328994751,g12
A98_0,AIによる予測技術は、金融市場のリスク管理に役立つ。,6.114109992980957,-0.6263527274131775,g14
A99_0,AIは、従来の枠を超えた新しいビジネスチャンスを創出する。,3.695685386657715,-0.353101909160614,g1
A100_0,AIの発展には国際的な協力が不可欠である,2.021493911743164,0.6557760834693909,g18
A100_1,AIの発展には規制の整備が不可欠である,1.926843285560608,0.948498010635376,g6
A101_0,AIは環境モニタリングの分野で実力を発揮する。,1.5667271614074707,3.208366632461548,g8
A102_0,AI技術は、都市計画やスマートシティの実現に寄与する。,-0.8271315693855286,1.3066447973251343,g5
A103_0,AIを用いたデータ解析は、政策決定に新たな視点を提供する。,5.153041362762451,-0.36389315128326416,g2
A104_0,AIはエネルギー消費の最適化に貢献する可能性がある。,-0.2681593894958496,2.6767172813415527,g19
A105_0,AIを活用した自動監視システムは、防犯対策として有効である。,0.9582557082176208,1.8493025302886963,g15
A106_0,AI技術の進化は、ビジネスプロセスの再設計を促進する。,1.496212363243103,-1.8268239498138428,g10
A107_0,AIは、個々のニーズに合わせたカスタマイズサービスを可能にする。,4.0582685470581055,0.19100233912467957,g7
A108_0,AIの倫理性について教育や啓蒙活動が必要である。,1.7415539026260376,0.7140979766845703,g6
A109_0,AIは音声アシスタントとして日常生活を支える存在である。,1.6487526893615723,-0.09382959455251694,g7
A110_0,AIを利用した翻訳技術は、国際交流をより円滑にする。,3.077298402786255,-1.215323567390442,g20
A111_0,AIは社会福祉分野において新たな解決策を提供するだろう。,2.5794081687927246,0.8416593670845032,g15
A112_0,AI技術は、物流業界における効率化の鍵となる。,1.0664474964141846,-2.314030647277832,g10
A113_0,AIによるデータ解析は、マーケティング戦略の最適化に役立つ。,4.86777925491333,-1.649322509765625,g2
A114_0,AIの進化は、スポーツの分析や戦略立案に影響を与える。,4.337501525878906,-1.6752610206604004,g17
A115_0,AIは医療分野での早期発見や予防に寄与するべきである。,5.467257976531982,2.4012725353240967,g12
A116_0,AI技術の利用は環境保護に関連している,1.8008015155792236,3.1607468128204346,g8
A116_1,AI技術の利用は持続可能な開発に関連している,0.726985514163971,2.609168291091919,g19
A117_0,AIを活用したリサーチは、科学研究のスピードを向上させる。,4.45278263092041,0.9422196745872498,g16
A118_0,AIは金融詐欺の検知や防止に効果を発揮する。,5.9715495109558105,-0.8883042931556702,g14
A119_0,AIの進化は、デジタル経済の発展と深く結びついている。,1.886850118637085,-1.3461029529571533,g10
A120_0,AI技術は、災害時の迅速な情報提供に寄与するべきである。,1.9554592370986938,4.18625545501709,g5
A121_0,AIはリアルタイムデータの解析で現状把握に貢献する。,5.085018634796143,0.1806860864162445,g2
A122_0,AIを用いたシステムは、医療現場での負担軽減に役立つ。,4.967868804931641,2.151984930038452,g12
A123_0,AIはエンターテイメントの新たなコンテンツ生成に貢献する。,3.8364057540893555,1.4844778776168823,g7
A124_0,AI技術の導入には官民連携による取り組みが鍵となる,0.4161289632320404,-0.27694955468177795,g6
A125_0,AIは物流や交通の効率化を実現する強力なツールである。,0.7003623843193054,-2.0233638286590576,g10
A126_0,AIを活用したリモート診断システムが普及し始めている。,4.865694046020508,2.8197696208953857,g12
A127_0,AIは、情報収集と解析のスピードを飛躍的に向上させる。,4.867062568664551,0.23821817338466644,g2
A128_0,AI技術は、金融機関のリスク管理を支援する役割を担うべきである。,6.311951160430908,-0.7516623735427856,g14
A129_0,AIは、個人の趣味やライフスタイルに合わせたサービスを提供すべきである。,4.062710285186768,0.4185822010040283,g7
A130_0,AIの利用は、ビッグデータの新たな活用方法を示している。,5.261600017547607,0.2966281771659851,g2
A131_0,AIは公共サービスのデジタル化を加速させるべきである。,0.017619792371988297,-0.33213749527931213,g5
A132_0,AIを使った自動化システムは、工場の生産ラインで導入が進んでいる。,2.8534510135650635,-2.2385778427124023,g3
A133_0,AI技術の進化は、従来の業界構造を根本から変える可能性がある。,1.5581692457199097,-1.2705143690109253,g1
A134_0,AIは消費者行動の分析や予測において有効である。,5.065147876739502,-0.8404948115348816,g7
A135_0,AIの発展は、未来の働き方を大きく変えると考えます。,2.104219436645508,-0.4040456712245941,g17
A136_0,AIを取り入れたシステムは、エネルギー管理の最適化に役立つ。,-0.29927924275398254,2.830789089202881,g19
A137_0,AIは都市部の混雑緩和に向けた交通システムでの利用が期待される。,-0.41108667850494385,0.925288200378418,g4
A138_0,AI技術は環境監視に応用されるべきである,1.9197067022323608,3.19635009765625,g8
A138_1,AI技術は災害予測に応用されるべきである,1.8409188985824585,4.248060703277588,g8
A139_0,AIはマーケティングキャンペーンの効果測定に新たな可能性を提供する。,4.878410816192627,-1.482041358947754,g7
A140_0,AIを活用したカスタマーサポートはサービス向上に貢献する。,3.278351306915283,-0.5886344909667969,g5
A141_0,AI技術の普及は、各業界でのイノベーションを促進する。,1.5169092416763306,-1.256509780883789,g1
A142_0,AIはリモートワークの生産性向上に大いに寄与する。,4.357173919677734,3.16882061958313,g9
A143_0,AIを利用したシステムは、データ管理の効率化を実現する。,3.7012319564819336,-0.5214911699295044,g2
A144_0,AIはエンターテイメント分野でのパーソナライズ体験を提供する。,4.052196025848389,1.2859104871749878,g7
A145_0,AIの進化は、企業の競争戦略に大きな影響を与える。,4.082032203674316,-1.5970033407211304,g1
A146_0,AI技術は、教育現場での個別指導に新たな視点をもたらす。,1.843103289604187,-0.6914675831794739,g12
A147_0,AIは、ユーザーの行動分析を通じたサービス改善に貢献する。,4.391918659210205,0.07975105196237564,g7
A148_0,AIを活用した健康管理アプリは、日常の健康維持に役立っている。,5.083957672119141,1.982279896736145,g12
A149_0,AIの利用は、グローバルなビジネスの意思決定を支援する。,3.913325548171997,-1.2302513122558594,g2
A150_0,AIは公共安全や防犯システムにおいて重要な役割を果たすべきである。,0.7887917757034302,1.4584516286849976,g15
A151_0,AI技術の応用は、交通事故の削減に寄与する可能性がある。,-0.9199447631835938,0.8905856013298035,g4
A152_0,AIはリサイクルや廃棄物管理の効率化に役立つと考えます。,-0.08300147950649261,2.899080991744995,g8
A153_0,AIを利用したシミュレーションは、新製品開発のスピードを加速させる。,4.250661849975586,0.7096230983734131,g16
A154_0,AIは、行政サービスのデジタル化を推進する一助となる。,0.04044423624873161,-0.3289644122123718,g10
A155_0,AI技術は、ビジネスのデジタルトランスフォーメーションを支援する。,1.6153851747512817,-2.047883987426758,g10
A156_0,AIは社会的課題の解決に向けた新しいアプローチを提供する。,2.536437511444092,0.7586762309074402,g15
A157_0,AIを利用することで、データ分析がより迅速かつ正確に行える。,4.895960807800293,-0.18100307881832123,g2
A158_0,AIは環境保全のためのエネルギー最適化に応用可能である。,-0.14169850945472717,2.727595567703247,g19
A159_0,AI技術の透明性確保は、利用者の信頼獲得に直結する。,1.1917939186096191,0.57683265209198,g11
A160_0,AIは、クリエイティブな分野での新たな表現手法を促進する。,3.5473461151123047,1.7906436920166016,g7
A161_0,AIを利用したロボットは、災害現場での救助活動をサポートする。,2.347569704055786,4.003527641296387,g15
A162_0,AI技術は、サプライチェーン管理の効率化に大きな影響を与える。,1.320957899093628,-2.294978380203247,g10
A163_0,AIはリモート診断や遠隔医療において画期的な成果を上げている,5.170630931854248,2.7362189292907715,g12
A164_0,AIを用いた自動化技術は、製造業の生産性を大幅に向上させる。,2.7241952419281006,-2.390582799911499,g3
A165_0,AI技術の急速な進化は、各国の規制整備を促している。,1.2286810874938965,-1.1056115627288818,g6
A166_0,AIは、情報の信頼性を高めるためのツールとして期待される。,2.1157305240631104,1.550361156463623,g11
A167_0,AIの利用は、公共交通の運行管理に革新的な変化をもたらす。,-0.31142163276672363,0.3149479925632477,g4
A168_0,AIを取り入れたシステムは、企業の意思決定プロセスをサポートする。,3.9845571517944336,-1.471487283706665,g2
A169_0,AIは農業分野での作物管理に有用である,2.641140937805176,-3.2172322273254395,g13
A169_1,AIは農業分野での収穫予測に有用である,2.651017665863037,-3.195749044418335,g13
A170_0,AI技術は、都市のエネルギー管理システムにも適用可能である。,-0.8362892866134644,1.6969561576843262,g8
A171_0,AIは、介護や福祉の現場での業務負担を軽減するでしょう。,5.008388996124268,2.182171583175659,g15
A172_0,AIを活用した自動運転技術は、交通事故のリスクを低減する。,-1.0894113779067993,0.3538457155227661,g4
A173_0,AI技術の進化は、各国の経済成長に寄与する要素となるべきである。,1.2686381340026855,-1.1716361045837402,g17
A174_0,AIは、ユーザーの行動パターンに基づいたサービス改善を可能にする。,4.283545970916748,0.13574744760990143,g7
A175_0,AIを利用したデータ解析は、政策立案において有効である。,5.007028579711914,-0.3615923821926117,g2
A176_0,AI技術は、スポーツ戦略や選手のパフォーマンス解析に革新をもたらす。,4.562582015991211,-1.9785815477371216,g17
A177_0,AIは企業の顧客サポートにおいて自動化を推進するツールである。,3.3252475261688232,-1.8910363912582397,g3
A178_0,AIの利用は、グローバルな経済活動において大きな影響を与える。,3.8560385704040527,-1.2371422052383423,g1
A179_0,AIを活用することで、環境モニタリングの精度が向上する。,1.6098135709762573,3.2951791286468506,g8
A180_0,AIは、エネルギーの効率的な利用促進に役立つと考えます。,-0.15385302901268005,2.8074123859405518,g19
A181_0,AI技術の進展は、国民生活の質を向上させる可能性がある。,0.8716773390769958,-0.5950748920440674,g5
A182_0,AIは、研究開発分野での新たな発見を促進する力を持っている。,3.368712902069092,2.059581995010376,g16
A183_0,AIを利用した自動化システムは、サービス業の効率化に寄与する。,3.3111748695373535,-1.0142141580581665,g3
A184_0,AIはデータセキュリティの強化に向けた重要なツールである。,1.9225987195968628,1.5406655073165894,g14
A185_0,AI技術は、都市の安全対策や防犯システムに役立つ。,-0.6041886806488037,1.53773033618927,g15
A186_0,AIは金融市場の動向をリアルタイムで分析できる,5.568911552429199,-0.6828736662864685,g14
A187_0,AIを活用したシステムは交通量の最適な管理を実現する。,-0.5122787356376648,0.9213703870773315,g4
A188_0,AIはエンターテイメントコンテンツのパーソナライズに貢献する。,3.904733896255493,1.3650676012039185,g7
A189_0,AI技術の透明性と公正性の確保は、今後の大きな課題である。,1.122305989265442,0.5774182081222534,g11
A190_0,AIは公共サービスの効率化に寄与する,0.15076236426830292,0.10067527741193771,g9
A190_1,AIは公共サービスの質の向上に寄与する,0.18082141876220703,0.045386236160993576,g5
A191_0,AIを利用したシステムは、教育分野における個別最適化学習を支援する。,3.315110445022583,0.28211066126823425,g12
A192_0,AIは、国際的な研究協力を進める上で不可欠なツールである。,3.03951096534729,1.7801058292388916,g18
A193_0,AI技術は、産業界全体の競争力を大きく向上させる可能性がある。,1.5287597179412842,-1.31146240234375,g10
A194_0,AIは、社会全体のデジタル化促進に寄与する重要な技術である。,1.0136549472808838,0.017450807616114616,g10
A195_0,AIを活用することで、より効率的な公共インフラの管理が可能になる,0.012751028873026371,0.38669219613075256,g5
A196_0,AI技術の利用は、今後の経済発展にとって鍵となる。,1.3902711868286133,-1.1537548303604126,g17
A197_0,AIは、個々のニーズに合わせたカスタムソリューションを提供する。,3.971710681915283,0.1934879869222641,g7
A198_0,AIを用いたシステムは、企業の業務改善に大きく貢献する。,3.7410271167755127,-1.232786774635315,g1
A199_0,AI技術の進化は、未来社会の多様な課題解決に寄与すると考える。,1.5240521430969238,-0.8428976535797119,g17
A200_0,AIは、人間の可能性を引き出すための新たなパートナーになるべきである。,3.15738582611084,1.9856103658676147,g17
A201_0,AIはビッグデータ解析において画期的な手法を提供する。,5.1794281005859375,0.28956547379493713,g2
A202_0,AI技術は、環境問題への新たな解決策として注目されている。,1.993267297744751,2.9640562534332275,g8
A203_0,教育分野におけるAIの活用は、生徒一人ひとりの学習を支援する。,3.249959945678711,0.3345290720462799,g5
A204_0,AIは医療診断の精度向上に大きな役割を果たしている。,5.3729376792907715,2.454852342605591,g12
A205_0,AIの自動運転技術は、交通安全を革新的に改善する。,-1.0838462114334106,0.26389366388320923,g4
A206_0,AIによるデータ分析は、企業経営の意思決定を強化する。,4.301422119140625,-1.224562406539917,g2
A207_0,AIはロボット工学と融合することで、製造業の効率を向上させる。,2.783827304840088,-2.4372544288635254,g3
A208_0,AIはリモートワークの新たな可能性を引き出すツールである。,4.476085186004639,3.145930528640747,g9
A209_0,AI技術は、公共サービスの質向上に貢献する。,0.43565109372138977,-0.13265067338943481,g5
A210_0,AIを利用したシステムは、災害時の迅速な対応を支援する。,2.177523612976074,4.145421504974365,g5
A211_0,AIは観光業において、個別化された体験を提供する。,4.0818963050842285,1.1191284656524658,g7
A212_0,AIのアルゴリズムは、社会的公平性の向上に貢献すべきである。,1.7881016731262207,0.953790009021759,g6
A213_0,AIは音声認識技術により、障害を持つ方々の生活を支援する。,1.8701790571212769,-0.1575860232114792,g15
A214_0,AIを活用することで、都市の交通渋滞が緩和される可能性がある。,-0.4876601994037628,0.8680935502052307,g4
A215_0,AIはエネルギー管理において効率的な資源配分を実現する。,-0.2598113417625427,2.789978504180908,g19
A216_0,AI技術の進展は、新たな市場と雇用を創出する。,1.9616124629974365,-1.082851767539978,g3
A217_0,AIはサイバーセキュリティ分野におけるリスク管理を向上させる。,1.867663025856018,1.6053215265274048,g14
A218_0,AIの透明性が向上すれば、ユーザーの信頼も深まるでしょう。,1.189070224761963,0.5340114235877991,g11
A219_0,AIは科学研究のスピードアップに貢献する革新的なツールである。,3.1907405853271484,1.8173092603683472,g16
A220_0,AIを利用した自動翻訳は、言語の壁を取り払う手段となる。,2.9179916381835938,-1.2142117023468018,g20
A221_0,AI技術は、エンターテインメントの新たな表現方法を生み出す。,3.9393723011016846,1.4073495864868164,g7
A222_0,AIは製造業における品質管理を大幅に改善する。,2.9200892448425293,-2.6292004585266113,g10
A223_0,AIは農業の生産性向上に向けた革新的な技術である。,2.5836057662963867,-3.119187355041504,g13
A224_0,AIは都市計画において効率的なインフラ管理を実現する。,-0.2551015019416809,1.3319220542907715,g4
A225_0,AIのアルゴリズムは、情報の正確性を向上させることができる。,2.1832683086395264,1.1250436305999756,g11
A225_1,AIのアルゴリズムは、情報を迅速に提供することができる。,2.194575071334839,1.1588106155395508,g2
A226_0,AIは自動化技術と組み合わせることで、業界の競争力を高める。,2.7494122982025146,-1.9518615007400513,g3
A227_0,AI技術の進化は、現代社会における革新的な変革を促す。,1.3837815523147583,-1.028403639793396,g17
A228_0,AIを活用することで、健康管理がよりパーソナライズ化されるべきである。,5.161729335784912,2.0564863681793213,g12
A229_0,AIは気候変動対策のためのシミュレーションに利用されている,1.4908753633499146,3.189223527908325,g19
A230_0,AIは音楽や芸術の創作において新しい可能性を秘めている。,3.566049337387085,1.8279728889465332,g7
A231_0,AI技術は、複雑な問題解決のための最適なツールである。,2.470689535140991,0.30396023392677307,g2
A232_0,AIは産業界における効率向上を実現する。,2.4578323364257812,-2.5655369758605957,g10
A232_1,AIは産業界におけるコスト削減を実現する。,2.6175413131713867,-2.5062508583068848,g10
A233_0,AIを利用したシステムは公共の安全性を高めるために活用されるべきである。,1.0001354217529297,1.2957613468170166,g15
A234_0,AIは個人データの解析により健康予測が可能である。,5.427436351776123,1.505990743637085,g12
A235_0,AI技術は、金融業界のリスク評価に革新的なアプローチを提供する。,6.3047099113464355,-0.7090156078338623,g14
A236_0,AIはスマートシティの実現に向けた中核技術として期待されている。,0.07259517163038254,1.0005282163619995,g10
A237_0,AIは自動運転車の安全性を向上させるための重要な要素である。,-1.1707754135131836,0.2858423590660095,g4
A238_0,AIの導入により、物流業界の効率性が大幅に向上する。,0.9121179580688477,-2.188549757003784,g10
A239_0,AI技術は、デジタルマーケティングにおける新しい戦略を生み出す。,4.855102062225342,-2.0285141468048096,g7
A240_0,AIはエネルギー分野での持続可能な開発を促進する。,0.288771390914917,2.6889235973358154,g19
A241_0,AIを活用した監視システムは、セキュリティ向上に寄与する。,1.208385944366455,1.7634705305099487,g15
A242_0,AIは社会保障システムの効率化に貢献する可能性がある。,0.8562881946563721,0.2696223556995392,g15
A243_0,AI技術の進歩は、学習方法や教育環境の変革を促す。,1.6134390830993652,-0.7947623133659363,g5
A244_0,AIは多様なデータソースを統合して包括的な分析を実現する。,5.138041973114014,0.2641879618167877,g2
A245_0,AIは環境保護のための新たな技術革新をもたらす。,2.150254726409912,2.7296857833862305,g8
A246_0,AIを用いたシステムは、企業の生産プロセスを最適化する。,3.6234898567199707,-1.763561487197876,g10
A247_0,AIはユーザーの行動を解析してパーソナライズされた体験を提供する。,4.374756336212158,0.15114133059978485,g7
A248_0,AI技術は、遠隔医療の普及に大きく貢献している。,5.182200908660889,2.724867820739746,g12
A249_0,AIは公共交通の運行効率を向上させる可能性がある。,-0.3926011323928833,0.40539711713790894,g4
A250_0,AIは産業全体のデジタルトランスフォーメーションを促進する。,2.198091506958008,-2.0552124977111816,g10
A251_0,AIを活用することで、企業は革新的な製品を迅速に開発できる。,4.073859691619873,-0.6291293501853943,g16
A252_0,AIは、研究開発の現場で新たな発見の扉を開く。,3.4336740970611572,2.076847553253174,g16
A253_0,AI技術の進展は、国際競争力の向上に寄与する。,1.3179385662078857,-1.1634693145751953,g17
A254_0,AIは企業内の業務プロセスの自動化に最適なツールである。,3.4039392471313477,-1.741829752922058,g3
A255_0,AIは社会問題解決に向けた革新的なアプローチを提供する。,2.5546913146972656,0.8546651005744934,g19
A256_0,AIを利用することで、医療現場の負担が大幅に軽減される。,5.016017436981201,2.2186551094055176,g12
A257_0,AI技術は、製造プロセスの最適化に寄与する。,1.3503865003585815,-2.496727228164673,g10
A257_1,AI技術は、製造プロセスの品質向上に寄与する。,1.4073106050491333,-2.558364152908325,g10
A258_0,AIは教育機関における個別最適化学習をサポートする。,3.3179073333740234,0.4587816298007965,g5
A259_0,AIはリモートワーク環境の効率化を促進するでしょう。,4.424422740936279,3.217729091644287,g9
A260_0,AIを利用した監視技術は、災害時の早期対応に役立つ。,2.090949773788452,4.036434650421143,g5
A261_0,AIは金融詐欺の検出において強力なツールである,5.895726680755615,-0.7626676559448242,g14
A262_0,AI技術は、都市の交通管理システムの革新に貢献する。,-0.8677603006362915,1.1433581113815308,g4
A263_0,AIは公共安全分野での情報共有を効率化する。,1.0635541677474976,1.3603953123092651,g15
A264_0,AIはリアルタイムデータの解析により迅速な対応を実現する。,4.982231616973877,0.1134762391448021,g2
A265_0,AIを活用することで、企業は市場動向を的確に把握できる。,4.481050491333008,-0.956785261631012,g2
A266_0,AIは製品開発における創造性と革新性を高める。,3.483628988265991,1.544451117515564,g16
A267_0,AI技術は、環境モニタリングの精度向上に寄与する。,1.845680832862854,3.2954490184783936,g8
A268_0,AIはエネルギー消費の最適化を支援する技術である。,-0.297562837600708,2.6943881511688232,g19
A269_0,AIは、自動運転技術の安全性向上に大きな貢献をする。,-1.146735668182373,0.23819541931152344,g4
A270_0,AIを利用することで、物流の効率が劇的に改善される。,0.8017603754997253,-2.0843000411987305,g10
A271_0,AI技術は、マーケティング分析の精度を向上させるべきである。,4.889558792114258,-1.7432096004486084,g7
A271_1,AI技術は、マーケティング分析のスピードを向上させるべきである。,4.779191493988037,-1.9608193635940552,g7
A272_0,AIは企業のデータ戦略に新たな視点を提供する。,4.480899333953857,-1.147161602973938,g2
A273_0,AIは、スマートホーム技術の発展に不可欠な要素である。,0.29902756214141846,0.7456102967262268,g17
A274_0,AIを活用したシステムは、カスタマーエクスペリエンスを向上させる。,3.3959805965423584,-0.6712462306022644,g7
A275_0,AIは、国際ビジネスにおけるコミュニケーションの円滑化に寄与する。,3.2062032222747803,-1.3490238189697266,g20
A276_0,AI技術は、農業の自動化と効率化に大きな可能性を秘めている。,2.3994674682617188,-3.1042287349700928,g13
A277_0,AIは医療の現場で診断精度を向上させる革新的な手段である。,5.348715305328369,2.518690586090088,g12
A278_0,AIは交通渋滞を解消するための先進技術として期待されている。,-0.6483597755432129,0.6667150259017944,g4
A279_0,AIを利用したデータ解析は、経済予測の精度を高める。,5.172965049743652,-0.4377651512622833,g2
A280_0,AI技術は、リモート教育の新たな可能性を切り拓く。,4.54577112197876,3.1458795070648193,g9
A281_0,AIはデジタルマーケティングの戦略策定に貢献する。,4.9318084716796875,-1.5357407331466675,g7
A282_0,AIは公共施設の管理において革新的なソリューションを提供する。,-0.04040273651480675,0.24390140175819397,g5
A283_0,AIを活用することで、企業は業務効率の向上を実現できる。,3.793598175048828,-1.0350475311279297,g1
A284_0,AIは、ユーザーの嗜好に基づいたサービス提案を可能にする。,4.19066858291626,0.26434630155563354,g7
A285_0,AI技術は、物流の最適化と配送スピードの向上を支援する。,0.8594388961791992,-2.3256261348724365,g10
A286_0,AIは、スマートシティ構築のための重要な技術要素である。,0.10944222658872604,1.0030981302261353,g1
A287_0,AIを利用したセンサーデータの解析は、環境監視に効果的である。,1.6248679161071777,3.4119858741760254,g8
A288_0,AIはエンターテインメント業界での革新的な体験を創出する。,3.9738500118255615,1.462986707687378,g7
A289_0,AI技術は、金融市場におけるリスク管理の手法を革新する。,6.235116958618164,-0.7585596442222595,g14
A290_0,AIは、行政サービスのデジタル化と効率化に寄与する。,-0.03070778027176857,-0.21460607647895813,g5
A291_0,AIを活用することで、製造業における生産性が向上する。,2.8654537200927734,-2.3810458183288574,g10
A292_0,AIは、科学研究の新たな発見を促進する重要なツールである。,3.1804330348968506,1.9666457176208496,g16
A293_0,AI技術は、企業のデジタルトランスフォーメーションを支援する。,1.6702231168746948,-2.1423637866973877,g10
A294_0,AIは消費者行動の分析を通じてマーケティング戦略を革新する。,4.970656871795654,-1.315187692642212,g7
A295_0,AIは、環境問題解決のためのシミュレーション技術として有望である。,1.6655839681625366,2.995851755142212,g8
A296_0,AI技術は、公共交通の運行効率を大幅に改善する。,-0.6956781148910522,0.6190040707588196,g4
A297_0,AIは、リモート医療の普及に向けた新たな可能性を提供する。,5.036616325378418,2.848867416381836,g12
A298_0,AIを利用したシステムは、企業の業務プロセスを最適化する。,3.680178165435791,-1.216428518295288,g10
A299_0,AIは都市のエネルギー管理に貢献する,-0.4716942608356476,2.0801761150360107,g8
A299_1,AIは持続可能な開発に貢献する,0.6388004422187805,2.626354694366455,g19
A300_0,AI技術は、未来の社会における革新的な変革を促す。,1.5027024745941162,-0.9339341521263123,g17
A301_0,AIはビッグデータ解析によって新たな知見を引き出す。,5.257059574127197,0.328519731760025,g2
A302_0,AIを活用することで、医療分野の研究がさらに進展する。,5.071654796600342,2.2340786457061768,g12
A303_0,AI技術は、交通事故の減少に寄与する可能性がある。,-0.9832015633583069,0.7553539276123047,g4
A304_0,AIは情報セキュリティの強化に向けた新たなアプローチを提供する。,2.0696818828582764,1.6021740436553955,g6
A305_0,AIは社会全体の効率化に貢献するでしょう。,1.0104591846466064,0.18821947276592255,g3
A305_1,AIは生産性向上に貢献するでしょう。,2.979313850402832,-2.6771087646484375,g3
A306_0,AI技術は、製造業における自動化と品質改善の鍵である。,1.5611907243728638,-2.590277671813965,g3
A307_0,AIはデジタル教育の分野で新しい学びの形を提案する。,3.146113157272339,0.6920087933540344,g9
A308_0,AIを利用したシステムは、企業の戦略的意思決定を支援する。,4.125195503234863,-1.3216232061386108,g2
A309_0,AIは環境モニタリングに寄与する,1.5001295804977417,3.2043423652648926,g8
A309_1,AIは持続可能な発展に寄与する,0.6594184637069702,2.5793325901031494,g19
A310_0,AI技術は、都市の安全性と防災対策を強化する。,-0.6942212581634521,1.5438538789749146,g15
A311_0,AIは消費者行動のリアルタイム解析により市場動向を予測できる,5.174662113189697,-0.7332974672317505,g2
A312_0,AIを活用することで、物流の効率化が実現する。,0.7923637628555298,-1.9049075841903687,g10
A312_1,AIを活用することで、コスト削減が実現する。,2.8979291915893555,-1.1935561895370483,g10
A313_0,AIは金融業界における新たなリスク管理手法を提供する。,6.209514141082764,-0.7429621815681458,g14
A314_0,AI技術は、エンターテインメント分野でのパーソナライズ体験を推進する。,4.045116424560547,1.332669973373413,g7
A315_0,AIは製造業の自動化プロセスにおいて重要な役割を担うべきである。,2.784785747528076,-2.4045443534851074,g3
A316_0,AIを利用することで、企業は迅速な市場対応が可能になる。,4.2394537925720215,-0.7886768579483032,g1
A317_0,AIは健康管理分野における予防医学を革新する。,5.477088928222656,2.346221923828125,g12
A318_0,AI技術は、都市の交通インフラの最適化に寄与する。,-0.7774171233177185,1.245047688484192,g4
A319_0,AIは環境保全に貢献するでしょう。,1.393617033958435,2.9625284671783447,g8
A319_1,AIはエネルギー効率に貢献するでしょう。,-0.19840572774410248,2.7673685550689697,g19
A320_0,AIを活用したシステムは、公共サービスの質向上に役立つ。,0.3390212059020996,0.3098578453063965,g5
A321_0,AIは教育分野における個別学習の支援に最適である。,3.280550956726074,0.3659520447254181,g9
A322_0,AI技術は、デジタル経済の発展にとって不可欠な要素である。,1.479083776473999,-1.4674135446548462,g10
A323_0,AIは、都市計画における持続可能な開発を推進する。,0.3591723144054413,2.329643487930298,g19
A324_0,AIを利用することで、金融取引の安全性が向上する。,5.912707805633545,-0.8783284425735474,g14
A325_0,AIは企業の業務効率化に貢献する。,3.664203643798828,-1.5152851343154907,g1
A325_1,AIは企業の生産性向上に貢献する。,3.2446327209472656,-2.388172149658203,g1
A326_0,AI技術は、健康診断や予防医療の分野で革新をもたらす。,5.531073570251465,2.7213034629821777,g12
A327_0,AIは交通流の最適化に寄与する,-0.5635885000228882,0.8241983652114868,g4
A327_1,AIは安全運転の支援に寄与する,-1.1733986139297485,0.2832969129085541,g4
A328_0,AIを活用したデータ解析は、環境問題への効果的な対策を導く。,1.4629344940185547,3.281122922897339,g8
A329_0,AIは公共セクターにおけるサービス向上のための鍵となる技術である。,-0.017191937193274498,-0.07591237872838974,g5
A330_0,AI技術は、製造業における効率的な生産プロセスを支える。,1.4706705808639526,-2.44844126701355,g10
A331_0,AIは、ユーザーのニーズに合わせた情報提供を可能にする。,4.240725994110107,0.2305314540863037,g7
A332_0,AIを利用することで、マーケティング戦略の精度が向上する。,4.801137924194336,-1.507359266281128,g7
A333_0,AIは医療分野における診断ツールとして進化を遂げている。,5.404433727264404,2.54520845413208,g12
A334_0,AI技術は、企業のデジタルトランスフォーメーションを加速させる。,1.7224105596542358,-2.129429340362549,g10
A335_0,AIは環境保護のための新たな技術革新を実現する。,1.930017113685608,2.8649792671203613,g19
A336_0,AIを活用することで、公共サービスの効率性が大幅に向上する。,0.1760561317205429,0.1765034794807434,g5
A337_0,AIは物流業界における迅速な配送システムを支援する。,0.7404616475105286,-2.1508023738861084,g10
A338_0,AI技術は、都市のエネルギー効率向上に貢献する。,-0.7569838166236877,1.6856369972229004,g19
A339_0,AIは、デジタル社会における新しい価値創造を促す。,2.8566806316375732,0.7651224732398987,g1
A340_0,AIを利用したシステムは、企業の戦略的意思決定を強化する。,4.232473373413086,-1.2988783121109009,g2
A341_0,AIは医療研究における革新的な発見を促進する。,4.754435062408447,2.409956216812134,g12
A342_0,AI技術は、環境モニタリングと災害予測に大きな力を発揮する。,1.8833394050598145,3.9159183502197266,g8
A343_0,AIは企業のデータ分析能力を向上させる有力な手段である。,4.354830741882324,-1.2337080240249634,g2
A344_0,AIを活用することで、教育現場における学習支援が充実する。,3.1956427097320557,0.2547963857650757,g9
A345_0,AIはリモートワーク環境のさらなる進化を支える。,4.409052848815918,3.2002670764923096,g9
A346_0,AI技術は、金融市場の不正検知とリスク管理に革新をもたらす。,6.254845142364502,-0.7730998396873474,g14
A347_0,AIは都市の防犯システムにおいて重要な役割を果たすべきである。,0.10374362021684647,1.5449618101119995,g15
A348_0,AIを利用することで、製造現場の安全性が向上する。,3.0843234062194824,-2.1153130531311035,g3
A349_0,AIは医療分野での予防医学と早期発見に貢献する。,5.56988525390625,2.2801907062530518,g12
A350_0,AI技術は、企業の生産性向上と効率化に寄与する。,1.4833987951278687,-2.359055995941162,g3
A351_0,AIは公共交通システムのデジタル化を推進する技術である。,-0.11340074986219406,-0.12024649977684021,g10
A352_0,AIを活用したシステムは、情報のリアルタイム解析を実現する。,4.868930339813232,0.027654586359858513,g2
A353_0,AIはエネルギー分野での新たな技術革新をもたらす。,2.368199586868286,2.4931640625,g19
A354_0,AI技術は、企業のマーケティング戦略の新たな基盤となるべきである。,4.751594066619873,-1.9453257322311401,g7
A355_0,AIは都市のインフラ整備において重要な役割を担うべきである。,-0.021132195368409157,1.4367469549179077,g4
A356_0,AIを利用することで、企業は迅速な意思決定が可能となる。,4.232449054718018,-0.9838846921920776,g2
A357_0,AIは医療診断の精度向上に向けた革新的なソリューションである。,5.452499866485596,2.594256639480591,g12
A358_0,AI技術は、公共サービスのデジタル化を一層進めるでしょう。,0.2977016866207123,-0.41580262780189514,g5
A359_0,AIは製造業における自動化技術の進化を支援する。,2.7166264057159424,-2.1831815242767334,g3
A360_0,AIを活用することで、企業の業務プロセスが大幅に効率化される。,3.560776472091675,-1.111232042312622,g10
A361_0,AIは消費者行動のパターンを解析し、サービス向上に寄与する。,4.933558464050293,-0.7409197092056274,g7
A362_0,AI技術は、環境保護のための新たな手法を提供する。,1.9754185676574707,2.9683315753936768,g8
A363_0,AIは公共の安全性を高めるための革新的なツールである。,2.2009944915771484,1.8830389976501465,g15
A364_0,AIを利用することで、製造業における品質管理が強化されるべきである。,2.9873311519622803,-2.60628080368042,g3
A365_0,AIは健康管理分野におけるパーソナライズ医療を推進する。,5.437810897827148,2.263267993927002,g12
A366_0,AI技術は、都市の交通システムの最適化に寄与する。,-0.8517268300056458,1.1876667737960815,g4
A367_0,AIは企業のデータ戦略に新しい価値をもたらす。,4.347022533416748,-1.3295258283615112,g2
A368_0,AIを活用することで、研究開発のプロセスが加速されるべきである。,4.33160924911499,0.8201980590820312,g16
A369_0,AIは金融市場の動向予測において有効なツールである。,5.782080173492432,-0.7590237855911255,g14
A370_0,AI技術は、公共サービスの透明性向上に貢献するでしょう。,0.4721568822860718,-0.04065639153122902,g5
A371_0,AIは製造業の自動化と効率化を促進する重要な技術である。,2.6461427211761475,-2.482053518295288,g3
A372_0,AIを利用することで、企業の市場分析がより正確になる。,4.582300186157227,-0.9898618459701538,g2
A373_0,AIは教育分野における個々の学習支援を強化する。,3.216047763824463,0.42562636733055115,g12
A374_0,AI技術は、物流の最適化と輸送効率向上に寄与する。,0.8919256329536438,-2.292243242263794,g10
A375_0,AIは環境モニタリングの精度向上に役立つ革新的な技術である。,1.9036847352981567,3.1798367500305176,g8
A376_0,AIを活用することで、医療現場での診断が迅速化されるべきである。,5.1272196769714355,2.2582688331604004,g12
A377_0,AIは企業の生産ラインにおける自動化を推進するツールである。,3.122983694076538,-2.144080638885498,g3
A378_0,AI技術は、デジタル時代における情報解析の鍵となる。,1.6286118030548096,-1.7204490900039673,g2
A379_0,AIは都市の安全対策において効果を発揮するでしょう。,-0.035123180598020554,1.4910874366760254,g15
A380_0,AIを利用することで、企業は市場動向に柔軟に対応できる。,4.395183086395264,-0.9272286891937256,g2
A381_0,AIは製造業における生産性向上に寄与する,2.8457388877868652,-2.5323946475982666,g3
A381_1,AIは製造業における効率改善に寄与する,2.7768075466156006,-2.571255922317505,g3
A382_0,AI技術は、リモートワーク環境の革新を推進する。,4.477316379547119,3.3283138275146484,g9
A383_0,AIは教育現場での新たな学習ツールとして期待される。,3.1892871856689453,0.6248642206192017,g12
A384_0,AIを活用することで、金融取引の安全性が強化されるべきである。,5.876484394073486,-0.8348036408424377,g14
A385_0,AIは環境保護に貢献する可能性がある,1.385945439338684,2.9858856201171875,g8
A385_1,AIは持続可能な開発に貢献する可能性がある,0.7770585417747498,2.637906312942505,g19
A386_0,AI技術は、都市のエネルギー管理システムの進化を支援する。,-0.8245922923088074,1.709226131439209,g8
A387_0,AIは製造業のデジタルトランスフォーメーションを加速させる。,2.198260545730591,-2.1365902423858643,g10
A388_0,AIを利用することで、企業のリスク管理が強化されるべきである。,4.26184606552124,-0.7786233425140381,g14
A389_0,AIは公共サービスの効率化を実現する。,-0.04796268418431282,0.12366604804992676,g5
A389_1,AIは公共サービスの品質向上を実現する。,0.11412854492664337,0.03375637158751488,g5
A390_0,AI技術は、企業のマーケティング戦略に革新をもたらす。,4.698038578033447,-1.9784526824951172,g7
A391_0,AIは都市の交通システムの最適化に大きく貢献する。,-0.49510180950164795,1.0593252182006836,g4
A392_0,AIを活用することで、教育現場における学習効果が向上する。,3.102918863296509,0.16985663771629333,g12
A393_0,AIは製造業の自動化プロセスにおいて重要な役割を果たすべきである。,2.840891122817993,-2.5157206058502197,g3
A394_0,AI技術は、企業のデータ解析能力を飛躍的に向上させる。,1.775418996810913,-2.2092909812927246,g2
A395_0,AIは健康管理分野での予防策の強化に貢献する。,5.467591285705566,2.1394143104553223,g12
A396_0,AIを利用することで、金融市場における不正検知が向上する。,6.01680326461792,-0.8914660811424255,g14
A397_0,AIは都市の防災対策に有効である,-0.0964585393667221,1.6627782583236694,g15
A397_1,AIは災害予測に有効である,1.8844249248504639,4.273536205291748,g15
A398_0,AI技術は、企業の業務プロセスの効率化に大きく寄与する。,1.567502737045288,-2.170487403869629,g3
A399_1,AIは持続可能な社会構築に貢献するでしょう。,0.7420028448104858,2.495424747467041,g19
A400_0,AIを活用することで、人々の生活の質が向上することを期待する。,2.7723195552825928,-0.09889248758554459,g5
